Anio,Fecha,Codigo_Familia,Actividad_Economica,Provincia,Total_Cierres
2022,2026-05-05,X,BAJO RELACION DE DEPENDENCIA SECTOR PUBLICO,MANABI,1
2022,2026-08-08,E,"DISTRIBUCIÓN DE AGUA; ALCANTARILLADO, GESTIÓN DE DESECHOS Y ACTIVIDADES DE SANEAMIENTO.",MANABI,1
2022,2026-05-05,O,ADMINISTRACIÓN PÚBLICA Y DEFENSA; PLANES DE SEGURIDAD SOCIAL DE AFILIACIÓN OBLIGATORIA.,MANABI,1
2022,2026-04-04,W,BAJO RELACION DE DEPENDENCIA SECTOR PRIVADO,MANABI,1
2022,2026-11-11,E,"DISTRIBUCIÓN DE AGUA; ALCANTARILLADO, GESTIÓN DE DESECHOS Y ACTIVIDADES DE SANEAMIENTO.",MANABI,1
2022,2026-03-03,B,EXPLOTACIÓN DE MINAS Y CANTERAS.,MANABI,1
2022,2026-06-06,X,BAJO RELACION DE DEPENDENCIA SECTOR PUBLICO,MANABI,1
2022,2026-06-06,E,"DISTRIBUCIÓN DE AGUA; ALCANTARILLADO, GESTIÓN DE DESECHOS Y ACTIVIDADES DE SANEAMIENTO.",MANABI,1
2022,2026-06-06,W,BAJO RELACION DE DEPENDENCIA SECTOR PRIVADO,MANABI,1
2022,2026-08-08,K,ACTIVIDADES FINANCIERAS Y DE SEGUROS.,MANABI,1
2022,2026-03-03,X,BAJO RELACION DE DEPENDENCIA SECTOR PUBLICO,MANABI,1
2022,2026-01-01,K,ACTIVIDADES FINANCIERAS Y DE SEGUROS.,MANABI,1
2022,2026-09-09,V,SIN ACTIVIDAD ECONOMICA - CIIU,MANABI,1
2022,2026-12-12,X,BAJO RELACION DE DEPENDENCIA SECTOR PUBLICO,MANABI,1
2022,2026-10-10,O,ADMINISTRACIÓN PÚBLICA Y DEFENSA; PLANES DE SEGURIDAD SOCIAL DE AFILIACIÓN OBLIGATORIA.,MANABI,1
2022,2026-09-09,B,EXPLOTACIÓN DE MINAS Y CANTERAS.,MANABI,1
2022,2026-03-03,U,ACTIVIDADES DE ORGANIZACIONES Y ÓRGANOS EXTRATERRITORIALES.,MANABI,1
2022,2026-08-08,X,BAJO RELACION DE DEPENDENCIA SECTOR PUBLICO,MANABI,1
2022,2026-04-04,K,ACTIVIDADES FINANCIERAS Y DE SEGUROS.,MANABI,1
2022,2026-12-12,D,"SUMINISTRO DE ELECTRICIDAD, GAS, VAPOR Y AIRE ACONDICIONADO.",MANABI,1
2022,2026-09-09,X,BAJO RELACION DE DEPENDENCIA SECTOR PUBLICO,MANABI,1
2022,2026-08-08,W,BAJO RELACION DE DEPENDENCIA SECTOR PRIVADO,MANABI,1
2022,2026-10-10,B,EXPLOTACIÓN DE MINAS Y CANTERAS.,MANABI,1
2022,2026-12-12,K,ACTIVIDADES FINANCIERAS Y DE SEGUROS.,MANABI,1
2022,2026-07-07,O,ADMINISTRACIÓN PÚBLICA Y DEFENSA; PLANES DE SEGURIDAD SOCIAL DE AFILIACIÓN OBLIGATORIA.,MANABI,1
2022,2026-01-01,B,EXPLOTACIÓN DE MINAS Y CANTERAS.,MANABI,1
2023,2026-12-12,E,"DISTRIBUCIÓN DE AGUA; ALCANTARILLADO, GESTIÓN DE DESECHOS Y ACTIVIDADES DE SANEAMIENTO.",MANABI,1
2023,2026-05-05,E,"DISTRIBUCIÓN DE AGUA; ALCANTARILLADO, GESTIÓN DE DESECHOS Y ACTIVIDADES DE SANEAMIENTO.",MANABI,1
2023,2026-03-03,E,"DISTRIBUCIÓN DE AGUA; ALCANTARILLADO, GESTIÓN DE DESECHOS Y ACTIVIDADES DE SANEAMIENTO.",MANABI,1
2023,2026-11-11,D,"SUMINISTRO DE ELECTRICIDAD, GAS, VAPOR Y AIRE ACONDICIONADO.",MANABI,1
2023,2026-07-07,E,"DISTRIBUCIÓN DE AGUA; ALCANTARILLADO, GESTIÓN DE DESECHOS Y ACTIVIDADES DE SANEAMIENTO.",MANABI,1
2023,2026-08-08,O,ADMINISTRACIÓN PÚBLICA Y DEFENSA; PLANES DE SEGURIDAD SOCIAL DE AFILIACIÓN OBLIGATORIA.,MANABI,1
2023,2026-05-05,D,"SUMINISTRO DE ELECTRICIDAD, GAS, VAPOR Y AIRE ACONDICIONADO.",MANABI,1
2023,2026-08-08,K,ACTIVIDADES FINANCIERAS Y DE SEGUROS.,MANABI,1
2023,2026-09-09,O,ADMINISTRACIÓN PÚBLICA Y DEFENSA; PLANES DE SEGURIDAD SOCIAL DE AFILIACIÓN OBLIGATORIA.,MANABI,1
2023,2026-09-09,B,EXPLOTACIÓN DE MINAS Y CANTERAS.,MANABI,1
2023,2026-08-08,W,BAJO RELACION DE DEPENDENCIA SECTOR PRIVADO,MANABI,1
2023,2026-02-02,E,"DISTRIBUCIÓN DE AGUA; ALCANTARILLADO, GESTIÓN DE DESECHOS Y ACTIVIDADES DE SANEAMIENTO.",MANABI,1
2023,2026-07-07,K,ACTIVIDADES FINANCIERAS Y DE SEGUROS.,MANABI,1
2023,2026-06-06,O,ADMINISTRACIÓN PÚBLICA Y DEFENSA; PLANES DE SEGURIDAD SOCIAL DE AFILIACIÓN OBLIGATORIA.,MANABI,1
2023,2026-08-08,B,EXPLOTACIÓN DE MINAS Y CANTERAS.,MANABI,1
2023,2026-03-03,D,"SUMINISTRO DE ELECTRICIDAD, GAS, VAPOR Y AIRE ACONDICIONADO.",MANABI,1
2023,2026-08-08,X,BAJO RELACION DE DEPENDENCIA SECTOR PUBLICO,MANABI,1
2023,2026-03-03,X,BAJO RELACION DE DEPENDENCIA SECTOR PUBLICO,MANABI,1
2023,2026-11-11,E,"DISTRIBUCIÓN DE AGUA; ALCANTARILLADO, GESTIÓN DE DESECHOS Y ACTIVIDADES DE SANEAMIENTO.",MANABI,1
2023,2026-09-09,K,ACTIVIDADES FINANCIERAS Y DE SEGUROS.,MANABI,1
2023,2026-11-11,B,EXPLOTACIÓN DE MINAS Y CANTERAS.,MANABI,1
2023,2026-11-11,K,ACTIVIDADES FINANCIERAS Y DE SEGUROS.,MANABI,1
2023,2026-12-12,W,BAJO RELACION DE DEPENDENCIA SECTOR PRIVADO,MANABI,1
2023,2026-06-06,E,"DISTRIBUCIÓN DE AGUA; ALCANTARILLADO, GESTIÓN DE DESECHOS Y ACTIVIDADES DE SANEAMIENTO.",MANABI,1
2023,2026-07-07,X,BAJO RELACION DE DEPENDENCIA SECTOR PUBLICO,MANABI,1
2023,2026-10-10,W,BAJO RELACION DE DEPENDENCIA SECTOR PRIVADO,MANABI,1
2023,2026-10-10,X,BAJO RELACION DE DEPENDENCIA SECTOR PUBLICO,MANABI,1
2023,2026-06-06,D,"SUMINISTRO DE ELECTRICIDAD, GAS, VAPOR Y AIRE ACONDICIONADO.",MANABI,1
2023,2026-02-02,X,BAJO RELACION DE DEPENDENCIA SECTOR PUBLICO,MANABI,1
2023,2026-06-06,K,ACTIVIDADES FINANCIERAS Y DE SEGUROS.,MANABI,1
2023,2026-07-07,B,EXPLOTACIÓN DE MINAS Y CANTERAS.,MANABI,1
2024,2026-10-10,D,"SUMINISTRO DE ELECTRICIDAD, GAS, VAPOR Y AIRE ACONDICIONADO.",MANABI,1
2024,2026-12-12,O,ADMINISTRACIÓN PÚBLICA Y DEFENSA; PLANES DE SEGURIDAD SOCIAL DE AFILIACIÓN OBLIGATORIA.,MANABI,1
2024,2026-05-05,B,EXPLOTACIÓN DE MINAS Y CANTERAS.,MANABI,1
2024,2026-05-05,D,"SUMINISTRO DE ELECTRICIDAD, GAS, VAPOR Y AIRE ACONDICIONADO.",MANABI,1
2024,2026-08-08,W,BAJO RELACION DE DEPENDENCIA SECTOR PRIVADO,MANABI,1
2024,2026-08-08,K,ACTIVIDADES FINANCIERAS Y DE SEGUROS.,MANABI,1
2024,2026-08-08,X,BAJO RELACION DE DEPENDENCIA SECTOR PUBLICO,MANABI,1
2024,2026-06-06,W,BAJO RELACION DE DEPENDENCIA SECTOR PRIVADO,MANABI,1
2024,2026-09-09,O,ADMINISTRACIÓN PÚBLICA Y DEFENSA; PLANES DE SEGURIDAD SOCIAL DE AFILIACIÓN OBLIGATORIA.,MANABI,1
2024,2026-04-04,K,ACTIVIDADES FINANCIERAS Y DE SEGUROS.,MANABI,1
2024,2026-10-10,W,BAJO RELACION DE DEPENDENCIA SECTOR PRIVADO,MANABI,1
2024,2026-12-12,E,"DISTRIBUCIÓN DE AGUA; ALCANTARILLADO, GESTIÓN DE DESECHOS Y ACTIVIDADES DE SANEAMIENTO.",MANABI,1
2024,2026-01-01,V,SIN ACTIVIDAD ECONOMICA - CIIU,MANABI,1
2024,2026-04-04,W,BAJO RELACION DE DEPENDENCIA SECTOR PRIVADO,MANABI,1
2024,2026-07-07,W,BAJO RELACION DE DEPENDENCIA SECTOR PRIVADO,MANABI,1
2024,2026-06-06,B,EXPLOTACIÓN DE MINAS Y CANTERAS.,MANABI,1
2024,2026-07-07,X,BAJO RELACION DE DEPENDENCIA SECTOR PUBLICO,MANABI,1
2024,2026-03-03,K,ACTIVIDADES FINANCIERAS Y DE SEGUROS.,MANABI,1
2024,2026-03-03,D,"SUMINISTRO DE ELECTRICIDAD, GAS, VAPOR Y AIRE ACONDICIONADO.",MANABI,1
2024,2026-03-03,E,"DISTRIBUCIÓN DE AGUA; ALCANTARILLADO, GESTIÓN DE DESECHOS Y ACTIVIDADES DE SANEAMIENTO.",MANABI,1
2024,2026-02-02,K,ACTIVIDADES FINANCIERAS Y DE SEGUROS.,MANABI,1
2024,2026-09-09,K,ACTIVIDADES FINANCIERAS Y DE SEGUROS.,MANABI,1
2024,2026-05-05,W,BAJO RELACION DE DEPENDENCIA SECTOR PRIVADO,MANABI,1
2024,2026-08-08,B,EXPLOTACIÓN DE MINAS Y CANTERAS.,MANABI,1
2024,2026-07-07,D,"SUMINISTRO DE ELECTRICIDAD, GAS, VAPOR Y AIRE ACONDICIONADO.",MANABI,1
2024,2026-10-10,B,EXPLOTACIÓN DE MINAS Y CANTERAS.,MANABI,1
2024,2026-07-07,K,ACTIVIDADES FINANCIERAS Y DE SEGUROS.,MANABI,1
2024,2026-09-09,W,BAJO RELACION DE DEPENDENCIA SECTOR PRIVADO,MANABI,1
2024,2026-12-12,K,ACTIVIDADES FINANCIERAS Y DE SEGUROS.,MANABI,1
2024,2026-05-05,O,ADMINISTRACIÓN PÚBLICA Y DEFENSA; PLANES DE SEGURIDAD SOCIAL DE AFILIACIÓN OBLIGATORIA.,MANABI,1
2024,2026-05-05,X,BAJO RELACION DE DEPENDENCIA SECTOR PUBLICO,MANABI,1
2024,2026-08-08,E,"DISTRIBUCIÓN DE AGUA; ALCANTARILLADO, GESTIÓN DE DESECHOS Y ACTIVIDADES DE SANEAMIENTO.",MANABI,1
2025,2026-06-06,W,BAJO RELACION DE DEPENDENCIA SECTOR PRIVADO,MANABI,1
2025,2026-08-08,B,EXPLOTACIÓN DE MINAS Y CANTERAS.,MANABI,1
2025,2026-11-11,B,EXPLOTACIÓN DE MINAS Y CANTERAS.,MANABI,1
2025,2026-08-08,W,BAJO RELACION DE DEPENDENCIA SECTOR PRIVADO,MANABI,1
2025,2026-04-04,E,"DISTRIBUCIÓN DE AGUA; ALCANTARILLADO, GESTIÓN DE DESECHOS Y ACTIVIDADES DE SANEAMIENTO.",MANABI,1
2025,2026-06-06,O,ADMINISTRACIÓN PÚBLICA Y DEFENSA; PLANES DE SEGURIDAD SOCIAL DE AFILIACIÓN OBLIGATORIA.,MANABI,1
2025,2026-09-09,O,ADMINISTRACIÓN PÚBLICA Y DEFENSA; PLANES DE SEGURIDAD SOCIAL DE AFILIACIÓN OBLIGATORIA.,MANABI,1
2025,2026-01-01,O,ADMINISTRACIÓN PÚBLICA Y DEFENSA; PLANES DE SEGURIDAD SOCIAL DE AFILIACIÓN OBLIGATORIA.,MANABI,1
2025,2026-11-11,K,ACTIVIDADES FINANCIERAS Y DE SEGUROS.,MANABI,1
2025,2026-04-04,W,BAJO RELACION DE DEPENDENCIA SECTOR PRIVADO,MANABI,1
2025,2026-03-03,D,"SUMINISTRO DE ELECTRICIDAD, GAS, VAPOR Y AIRE ACONDICIONADO.",MANABI,1
2025,2026-10-10,K,ACTIVIDADES FINANCIERAS Y DE SEGUROS.,MANABI,1
2025,2026-08-08,O,ADMINISTRACIÓN PÚBLICA Y DEFENSA; PLANES DE SEGURIDAD SOCIAL DE AFILIACIÓN OBLIGATORIA.,MANABI,1
2025,2026-05-05,K,ACTIVIDADES FINANCIERAS Y DE SEGUROS.,MANABI,1
2025,2026-04-04,K,ACTIVIDADES FINANCIERAS Y DE SEGUROS.,MANABI,1
2025,2026-06-06,E,"DISTRIBUCIÓN DE AGUA; ALCANTARILLADO, GESTIÓN DE DESECHOS Y ACTIVIDADES DE SANEAMIENTO.",MANABI,1
2025,2026-10-10,X,BAJO RELACION DE DEPENDENCIA SECTOR PUBLICO,MANABI,1
2025,2026-09-09,B,EXPLOTACIÓN DE MINAS Y CANTERAS.,MANABI,1
2025,2026-03-03,B,EXPLOTACIÓN DE MINAS Y CANTERAS.,MANABI,1
2025,2026-04-04,D,"SUMINISTRO DE ELECTRICIDAD, GAS, VAPOR Y AIRE ACONDICIONADO.",MANABI,1
2025,2026-05-05,X,BAJO RELACION DE DEPENDENCIA SECTOR PUBLICO,MANABI,1
2025,2026-08-08,K,ACTIVIDADES FINANCIERAS Y DE SEGUROS.,MANABI,1
2025,2026-10-10,E,"DISTRIBUCIÓN DE AGUA; ALCANTARILLADO, GESTIÓN DE DESECHOS Y ACTIVIDADES DE SANEAMIENTO.",MANABI,1
2025,2026-11-11,D,"SUMINISTRO DE ELECTRICIDAD, GAS, VAPOR Y AIRE ACONDICIONADO.",MANABI,1
2025,2026-02-02,D,"SUMINISTRO DE ELECTRICIDAD, GAS, VAPOR Y AIRE ACONDICIONADO.",MANABI,1
2025,2026-05-05,B,EXPLOTACIÓN DE MINAS Y CANTERAS.,MANABI,1
2025,2026-07-07,W,BAJO RELACION DE DEPENDENCIA SECTOR PRIVADO,MANABI,1
2026,2026-03-03,W,BAJO RELACION DE DEPENDENCIA SECTOR PRIVADO,MANABI,1
2026,2026-04-04,W,BAJO RELACION DE DEPENDENCIA SECTOR PRIVADO,MANABI,1
2026,2026-02-02,B,EXPLOTACIÓN DE MINAS Y CANTERAS.,MANABI,1
2026,2026-01-01,O,ADMINISTRACIÓN PÚBLICA Y DEFENSA; PLANES DE SEGURIDAD SOCIAL DE AFILIACIÓN OBLIGATORIA.,MANABI,1
2026,2026-01-01,E,"DISTRIBUCIÓN DE AGUA; ALCANTARILLADO, GESTIÓN DE DESECHOS Y ACTIVIDADES DE SANEAMIENTO.",MANABI,1
2026,2026-02-02,X,BAJO RELACION DE DEPENDENCIA SECTOR PUBLICO,MANABI,1
2026,2026-06-06,O,ADMINISTRACIÓN PÚBLICA Y DEFENSA; PLANES DE SEGURIDAD SOCIAL DE AFILIACIÓN OBLIGATORIA.,MANABI,1
2026,2026-04-04,E,"DISTRIBUCIÓN DE AGUA; ALCANTARILLADO, GESTIÓN DE DESECHOS Y ACTIVIDADES DE SANEAMIENTO.",MANABI,1
2026,2026-01-01,B,EXPLOTACIÓN DE MINAS Y CANTERAS.,MANABI,1
2026,2026-06-06,X,BAJO RELACION DE DEPENDENCIA SECTOR PUBLICO,MANABI,1
2026,2026-04-04,X,BAJO RELACION DE DEPENDENCIA SECTOR PUBLICO,MANABI,1
2026,2026-05-05,W,BAJO RELACION DE DEPENDENCIA SECTOR PRIVADO,MANABI,1
2026,2026-05-05,B,EXPLOTACIÓN DE MINAS Y CANTERAS.,MANABI,1
2026,2026-01-01,W,BAJO RELACION DE DEPENDENCIA SECTOR PRIVADO,MANABI,1
2026,2026-01-01,D,"SUMINISTRO DE ELECTRICIDAD, GAS, VAPOR Y AIRE ACONDICIONADO.",MANABI,1
2026,2026-03-03,X,BAJO RELACION DE DEPENDENCIA SECTOR PUBLICO,MANABI,1
2026,2026-02-02,V,SIN ACTIVIDAD ECONOMICA - CIIU,MANABI,7
2026,2026-06-06,I,ACTIVIDADES DE ALOJAMIENTO Y DE SERVICIO DE COMIDAS.,MANABI,139
2026,2026-05-05,H,TRANSPORTE Y ALMACENAMIENTO.,MANABI,74
2026,2026-05-05,Q,ACTIVIDADES DE ATENCIÓN DE LA SALUD HUMANA Y DE ASISTENCIA SOCIAL.,MANABI,62
2026,2026-04-04,F,CONSTRUCCIÓN.,MANABI,39
2026,2026-04-04,A,"AGRICULTURA, GANADERÍA,  SILVICULTURA Y PESCA.",MANABI,280
2026,2026-05-05,C,INDUSTRIAS MANUFACTURERAS.,MANABI,168
2026,2026-03-03,L,ACTIVIDADES INMOBILIARIAS.,MANABI,47
2026,2026-01-01,P,ENSEÑANZA.,MANABI,103
2026,2026-05-05,T,ACTIVIDADES DE LOS HOGARES COMO EMPLEADORES; ACTIVIDADES NO DIFERENCIADAS DE LOS HOGARES COMO PRODUCTORES DE BIENES Y SERVICIOS PARA USO PROPIO.,MANABI,18
2026,2026-03-03,H,TRANSPORTE Y ALMACENAMIENTO.,MANABI,96
2026,2026-05-05,S,OTRAS ACTIVIDADES DE SERVICIOS.,MANABI,527
2026,2026-05-05,F,CONSTRUCCIÓN.,MANABI,65
2026,2026-01-01,A,"AGRICULTURA, GANADERÍA,  SILVICULTURA Y PESCA.",MANABI,726
2026,2026-03-03,I,ACTIVIDADES DE ALOJAMIENTO Y DE SERVICIO DE COMIDAS.,MANABI,158
2026,2026-04-04,M,"ACTIVIDADES PROFESIONALES, CIENTÍFICAS Y TÉCNICAS.",MANABI,224
2026,2026-06-06,A,"AGRICULTURA, GANADERÍA,  SILVICULTURA Y PESCA.",MANABI,331
2026,2026-04-04,H,TRANSPORTE Y ALMACENAMIENTO.,MANABI,88
2026,2026-02-02,P,ENSEÑANZA.,MANABI,58
2026,2026-06-06,F,CONSTRUCCIÓN.,MANABI,37
2026,2026-06-06,W,BAJO RELACION DE DEPENDENCIA SECTOR PRIVADO,MANABI,3
2026,2026-04-04,V,SIN ACTIVIDAD ECONOMICA - CIIU,MANABI,5
2026,2026-06-06,Q,ACTIVIDADES DE ATENCIÓN DE LA SALUD HUMANA Y DE ASISTENCIA SOCIAL.,MANABI,55
2026,2026-05-05,V,SIN ACTIVIDAD ECONOMICA - CIIU,MANABI,4
2026,2026-06-06,T,ACTIVIDADES DE LOS HOGARES COMO EMPLEADORES; ACTIVIDADES NO DIFERENCIADAS DE LOS HOGARES COMO PRODUCTORES DE BIENES Y SERVICIOS PARA USO PROPIO.,MANABI,18
2026,2026-05-05,E,"DISTRIBUCIÓN DE AGUA; ALCANTARILLADO, GESTIÓN DE DESECHOS Y ACTIVIDADES DE SANEAMIENTO.",MANABI,6
2026,2026-01-01,H,TRANSPORTE Y ALMACENAMIENTO.,MANABI,98
2026,2026-03-03,M,"ACTIVIDADES PROFESIONALES, CIENTÍFICAS Y TÉCNICAS.",MANABI,250
2026,2026-02-02,L,ACTIVIDADES INMOBILIARIAS.,MANABI,36
2026,2026-05-05,X,BAJO RELACION DE DEPENDENCIA SECTOR PUBLICO,MANABI,2
2026,2026-02-02,O,ADMINISTRACIÓN PÚBLICA Y DEFENSA; PLANES DE SEGURIDAD SOCIAL DE AFILIACIÓN OBLIGATORIA.,MANABI,2
2026,2026-04-04,G,COMERCIO AL POR MAYOR Y AL POR MENOR; REPARACIÓN DE VEHÍCULOS AUTOMOTORES Y MOTOCICLETAS.,MANABI,688
2026,2026-05-05,P,ENSEÑANZA.,MANABI,73
2026,2026-02-02,G,COMERCIO AL POR MAYOR Y AL POR MENOR; REPARACIÓN DE VEHÍCULOS AUTOMOTORES Y MOTOCICLETAS.,MANABI,604
2026,2026-06-06,M,"ACTIVIDADES PROFESIONALES, CIENTÍFICAS Y TÉCNICAS.",MANABI,206
2026,2026-06-06,R,"ARTES, ENTRETENIMIENTO Y RECREACIÓN.",MANABI,34
2026,2026-04-04,C,INDUSTRIAS MANUFACTURERAS.,MANABI,129
2026,2026-03-03,Q,ACTIVIDADES DE ATENCIÓN DE LA SALUD HUMANA Y DE ASISTENCIA SOCIAL.,MANABI,61
2026,2026-03-03,J,INFORMACIÓN Y COMUNICACIÓN.,MANABI,7
2026,2026-03-03,S,OTRAS ACTIVIDADES DE SERVICIOS.,MANABI,479
2026,2026-02-02,H,TRANSPORTE Y ALMACENAMIENTO.,MANABI,73
2026,2026-01-01,C,INDUSTRIAS MANUFACTURERAS.,MANABI,175
2026,2026-01-01,J,INFORMACIÓN Y COMUNICACIÓN.,MANABI,13
2026,2026-06-06,H,TRANSPORTE Y ALMACENAMIENTO.,MANABI,69
2026,2026-06-06,E,"DISTRIBUCIÓN DE AGUA; ALCANTARILLADO, GESTIÓN DE DESECHOS Y ACTIVIDADES DE SANEAMIENTO.",MANABI,2
2026,2026-01-01,M,"ACTIVIDADES PROFESIONALES, CIENTÍFICAS Y TÉCNICAS.",MANABI,270
2026,2026-02-02,A,"AGRICULTURA, GANADERÍA,  SILVICULTURA Y PESCA.",MANABI,338
2026,2026-03-03,A,"AGRICULTURA, GANADERÍA,  SILVICULTURA Y PESCA.",MANABI,346
2026,2026-06-06,S,OTRAS ACTIVIDADES DE SERVICIOS.,MANABI,420
2026,2026-04-04,S,OTRAS ACTIVIDADES DE SERVICIOS.,MANABI,374
2026,2026-05-05,N,ACTIVIDADES DE SERVICIOS ADMINISTRATIVOS Y DE APOYO.,MANABI,54
2026,2026-02-02,I,ACTIVIDADES DE ALOJAMIENTO Y DE SERVICIO DE COMIDAS.,MANABI,104
2026,2026-04-04,R,"ARTES, ENTRETENIMIENTO Y RECREACIÓN.",MANABI,24
2026,2026-06-06,V,SIN ACTIVIDAD ECONOMICA - CIIU,MANABI,5
2026,2026-05-05,R,"ARTES, ENTRETENIMIENTO Y RECREACIÓN.",MANABI,38
2026,2026-01-01,T,ACTIVIDADES DE LOS HOGARES COMO EMPLEADORES; ACTIVIDADES NO DIFERENCIADAS DE LOS HOGARES COMO PRODUCTORES DE BIENES Y SERVICIOS PARA USO PROPIO.,MANABI,18
2026,2026-04-04,J,INFORMACIÓN Y COMUNICACIÓN.,MANABI,12
2026,2026-01-01,G,COMERCIO AL POR MAYOR Y AL POR MENOR; REPARACIÓN DE VEHÍCULOS AUTOMOTORES Y MOTOCICLETAS.,MANABI,914
2026,2026-01-01,S,OTRAS ACTIVIDADES DE SERVICIOS.,MANABI,379
2026,2026-04-04,Q,ACTIVIDADES DE ATENCIÓN DE LA SALUD HUMANA Y DE ASISTENCIA SOCIAL.,MANABI,55
2026,2026-03-03,N,ACTIVIDADES DE SERVICIOS ADMINISTRATIVOS Y DE APOYO.,MANABI,49
2026,2026-02-02,T,ACTIVIDADES DE LOS HOGARES COMO EMPLEADORES; ACTIVIDADES NO DIFERENCIADAS DE LOS HOGARES COMO PRODUCTORES DE BIENES Y SERVICIOS PARA USO PROPIO.,MANABI,10
2026,2026-05-05,G,COMERCIO AL POR MAYOR Y AL POR MENOR; REPARACIÓN DE VEHÍCULOS AUTOMOTORES Y MOTOCICLETAS.,MANABI,913
2026,2026-05-05,J,INFORMACIÓN Y COMUNICACIÓN.,MANABI,15
2026,2026-01-01,R,"ARTES, ENTRETENIMIENTO Y RECREACIÓN.",MANABI,34
2026,2026-01-01,N,ACTIVIDADES DE SERVICIOS ADMINISTRATIVOS Y DE APOYO.,MANABI,45
2026,2026-05-05,L,ACTIVIDADES INMOBILIARIAS.,MANABI,36
2026,2026-01-01,Q,ACTIVIDADES DE ATENCIÓN DE LA SALUD HUMANA Y DE ASISTENCIA SOCIAL.,MANABI,126
2026,2026-02-02,Q,ACTIVIDADES DE ATENCIÓN DE LA SALUD HUMANA Y DE ASISTENCIA SOCIAL.,MANABI,53
2026,2026-06-06,N,ACTIVIDADES DE SERVICIOS ADMINISTRATIVOS Y DE APOYO.,MANABI,34
2026,2026-05-05,O,ADMINISTRACIÓN PÚBLICA Y DEFENSA; PLANES DE SEGURIDAD SOCIAL DE AFILIACIÓN OBLIGATORIA.,MANABI,3
2026,2026-04-04,T,ACTIVIDADES DE LOS HOGARES COMO EMPLEADORES; ACTIVIDADES NO DIFERENCIADAS DE LOS HOGARES COMO PRODUCTORES DE BIENES Y SERVICIOS PARA USO PROPIO.,MANABI,8
2026,2026-06-06,J,INFORMACIÓN Y COMUNICACIÓN.,MANABI,11
2026,2026-02-02,E,"DISTRIBUCIÓN DE AGUA; ALCANTARILLADO, GESTIÓN DE DESECHOS Y ACTIVIDADES DE SANEAMIENTO.",MANABI,2
2026,2026-02-02,J,INFORMACIÓN Y COMUNICACIÓN.,MANABI,10
2026,2026-03-03,D,"SUMINISTRO DE ELECTRICIDAD, GAS, VAPOR Y AIRE ACONDICIONADO.",MANABI,2
2026,2026-05-05,A,"AGRICULTURA, GANADERÍA,  SILVICULTURA Y PESCA.",MANABI,264
2026,2026-02-02,S,OTRAS ACTIVIDADES DE SERVICIOS.,MANABI,284
2026,2026-03-03,R,"ARTES, ENTRETENIMIENTO Y RECREACIÓN.",MANABI,32
2026,2026-06-06,G,COMERCIO AL POR MAYOR Y AL POR MENOR; REPARACIÓN DE VEHÍCULOS AUTOMOTORES Y MOTOCICLETAS.,MANABI,752
2026,2026-05-05,M,"ACTIVIDADES PROFESIONALES, CIENTÍFICAS Y TÉCNICAS.",MANABI,228
2026,2026-05-05,I,ACTIVIDADES DE ALOJAMIENTO Y DE SERVICIO DE COMIDAS.,MANABI,170
2026,2026-01-01,V,SIN ACTIVIDAD ECONOMICA - CIIU,MANABI,9
2026,2026-01-01,F,CONSTRUCCIÓN.,MANABI,60
2026,2026-03-03,V,SIN ACTIVIDAD ECONOMICA - CIIU,MANABI,2
2026,2026-01-01,X,BAJO RELACION DE DEPENDENCIA SECTOR PUBLICO,MANABI,3
2026,2026-04-04,L,ACTIVIDADES INMOBILIARIAS.,MANABI,51
2026,2026-01-01,I,ACTIVIDADES DE ALOJAMIENTO Y DE SERVICIO DE COMIDAS.,MANABI,153
2026,2026-04-04,I,ACTIVIDADES DE ALOJAMIENTO Y DE SERVICIO DE COMIDAS.,MANABI,120
2026,2026-03-03,P,ENSEÑANZA.,MANABI,82
2026,2026-03-03,T,ACTIVIDADES DE LOS HOGARES COMO EMPLEADORES; ACTIVIDADES NO DIFERENCIADAS DE LOS HOGARES COMO PRODUCTORES DE BIENES Y SERVICIOS PARA USO PROPIO.,MANABI,13
2026,2026-03-03,F,CONSTRUCCIÓN.,MANABI,55
2026,2026-04-04,P,ENSEÑANZA.,MANABI,61
2026,2026-06-06,C,INDUSTRIAS MANUFACTURERAS.,MANABI,156
2026,2026-06-06,P,ENSEÑANZA.,MANABI,62
2026,2026-02-02,F,CONSTRUCCIÓN.,MANABI,30
2026,2026-06-06,L,ACTIVIDADES INMOBILIARIAS.,MANABI,40
2026,2026-03-03,G,COMERCIO AL POR MAYOR Y AL POR MENOR; REPARACIÓN DE VEHÍCULOS AUTOMOTORES Y MOTOCICLETAS.,MANABI,829
2026,2026-02-02,N,ACTIVIDADES DE SERVICIOS ADMINISTRATIVOS Y DE APOYO.,MANABI,33
2026,2026-03-03,C,INDUSTRIAS MANUFACTURERAS.,MANABI,176
2026,2026-02-02,M,"ACTIVIDADES PROFESIONALES, CIENTÍFICAS Y TÉCNICAS.",MANABI,194
2026,2026-01-01,L,ACTIVIDADES INMOBILIARIAS.,MANABI,62
2026,2026-02-02,C,INDUSTRIAS MANUFACTURERAS.,MANABI,124
2026,2026-02-02,R,"ARTES, ENTRETENIMIENTO Y RECREACIÓN.",MANABI,24
2026,2026-03-03,E,"DISTRIBUCIÓN DE AGUA; ALCANTARILLADO, GESTIÓN DE DESECHOS Y ACTIVIDADES DE SANEAMIENTO.",MANABI,3
2026,2026-04-04,N,ACTIVIDADES DE SERVICIOS ADMINISTRATIVOS Y DE APOYO.,MANABI,40
2025,2026-09-09,C,INDUSTRIAS MANUFACTURERAS.,MANABI,118
2025,2026-01-01,F,CONSTRUCCIÓN.,MANABI,64
2025,2026-02-02,N,ACTIVIDADES DE SERVICIOS ADMINISTRATIVOS Y DE APOYO.,MANABI,45
2025,2026-09-09,F,CONSTRUCCIÓN.,MANABI,42
2025,2026-08-08,A,"AGRICULTURA, GANADERÍA,  SILVICULTURA Y PESCA.",MANABI,283
2025,2026-11-11,C,INDUSTRIAS MANUFACTURERAS.,MANABI,106
2025,2026-08-08,E,"DISTRIBUCIÓN DE AGUA; ALCANTARILLADO, GESTIÓN DE DESECHOS Y ACTIVIDADES DE SANEAMIENTO.",MANABI,2
2025,2026-04-04,J,INFORMACIÓN Y COMUNICACIÓN.,MANABI,9
2025,2026-07-07,V,SIN ACTIVIDAD ECONOMICA - CIIU,MANABI,5
2025,2026-04-04,P,ENSEÑANZA.,MANABI,63
2025,2026-06-06,C,INDUSTRIAS MANUFACTURERAS.,MANABI,89
2025,2026-01-01,R,"ARTES, ENTRETENIMIENTO Y RECREACIÓN.",MANABI,26
2025,2026-02-02,J,INFORMACIÓN Y COMUNICACIÓN.,MANABI,13
2025,2026-11-11,S,OTRAS ACTIVIDADES DE SERVICIOS.,MANABI,223
2025,2026-04-04,R,"ARTES, ENTRETENIMIENTO Y RECREACIÓN.",MANABI,25
2025,2026-03-03,P,ENSEÑANZA.,MANABI,96
2025,2026-07-07,J,INFORMACIÓN Y COMUNICACIÓN.,MANABI,4
2025,2026-02-02,Q,ACTIVIDADES DE ATENCIÓN DE LA SALUD HUMANA Y DE ASISTENCIA SOCIAL.,MANABI,64
2025,2026-02-02,S,OTRAS ACTIVIDADES DE SERVICIOS.,MANABI,229
2025,2026-11-11,Q,ACTIVIDADES DE ATENCIÓN DE LA SALUD HUMANA Y DE ASISTENCIA SOCIAL.,MANABI,34
2025,2026-04-04,S,OTRAS ACTIVIDADES DE SERVICIOS.,MANABI,358
2025,2026-10-10,F,CONSTRUCCIÓN.,MANABI,28
2025,2026-01-01,G,COMERCIO AL POR MAYOR Y AL POR MENOR; REPARACIÓN DE VEHÍCULOS AUTOMOTORES Y MOTOCICLETAS.,MANABI,691
2025,2026-11-11,N,ACTIVIDADES DE SERVICIOS ADMINISTRATIVOS Y DE APOYO.,MANABI,24
2025,2026-08-08,L,ACTIVIDADES INMOBILIARIAS.,MANABI,50
2025,2026-05-05,T,ACTIVIDADES DE LOS HOGARES COMO EMPLEADORES; ACTIVIDADES NO DIFERENCIADAS DE LOS HOGARES COMO PRODUCTORES DE BIENES Y SERVICIOS PARA USO PROPIO.,MANABI,14
2025,2026-03-03,F,CONSTRUCCIÓN.,MANABI,89
2025,2026-06-06,S,OTRAS ACTIVIDADES DE SERVICIOS.,MANABI,307
2025,2026-09-09,Q,ACTIVIDADES DE ATENCIÓN DE LA SALUD HUMANA Y DE ASISTENCIA SOCIAL.,MANABI,47
2025,2026-03-03,R,"ARTES, ENTRETENIMIENTO Y RECREACIÓN.",MANABI,87
2025,2026-05-05,S,OTRAS ACTIVIDADES DE SERVICIOS.,MANABI,340
2025,2026-10-10,C,INDUSTRIAS MANUFACTURERAS.,MANABI,116
2025,2026-10-10,A,"AGRICULTURA, GANADERÍA,  SILVICULTURA Y PESCA.",MANABI,275
2025,2026-02-02,F,CONSTRUCCIÓN.,MANABI,33
2025,2026-01-01,I,ACTIVIDADES DE ALOJAMIENTO Y DE SERVICIO DE COMIDAS.,MANABI,119
2025,2026-10-10,G,COMERCIO AL POR MAYOR Y AL POR MENOR; REPARACIÓN DE VEHÍCULOS AUTOMOTORES Y MOTOCICLETAS.,MANABI,598
2025,2026-10-10,N,ACTIVIDADES DE SERVICIOS ADMINISTRATIVOS Y DE APOYO.,MANABI,26
2025,2026-05-05,C,INDUSTRIAS MANUFACTURERAS.,MANABI,138
2025,2026-08-08,H,TRANSPORTE Y ALMACENAMIENTO.,MANABI,60
2025,2026-06-06,I,ACTIVIDADES DE ALOJAMIENTO Y DE SERVICIO DE COMIDAS.,MANABI,91
2025,2026-04-04,F,CONSTRUCCIÓN.,MANABI,39
2025,2026-04-04,G,COMERCIO AL POR MAYOR Y AL POR MENOR; REPARACIÓN DE VEHÍCULOS AUTOMOTORES Y MOTOCICLETAS.,MANABI,688
2025,2026-05-05,N,ACTIVIDADES DE SERVICIOS ADMINISTRATIVOS Y DE APOYO.,MANABI,24
2025,2026-04-04,M,"ACTIVIDADES PROFESIONALES, CIENTÍFICAS Y TÉCNICAS.",MANABI,233
2025,2026-06-06,A,"AGRICULTURA, GANADERÍA,  SILVICULTURA Y PESCA.",MANABI,221
2025,2026-10-10,S,OTRAS ACTIVIDADES DE SERVICIOS.,MANABI,240
2025,2026-06-06,J,INFORMACIÓN Y COMUNICACIÓN.,MANABI,16
2025,2026-01-01,M,"ACTIVIDADES PROFESIONALES, CIENTÍFICAS Y TÉCNICAS.",MANABI,278
2025,2026-02-02,I,ACTIVIDADES DE ALOJAMIENTO Y DE SERVICIO DE COMIDAS.,MANABI,71
2025,2026-01-01,T,ACTIVIDADES DE LOS HOGARES COMO EMPLEADORES; ACTIVIDADES NO DIFERENCIADAS DE LOS HOGARES COMO PRODUCTORES DE BIENES Y SERVICIOS PARA USO PROPIO.,MANABI,17
2025,2026-11-11,T,ACTIVIDADES DE LOS HOGARES COMO EMPLEADORES; ACTIVIDADES NO DIFERENCIADAS DE LOS HOGARES COMO PRODUCTORES DE BIENES Y SERVICIOS PARA USO PROPIO.,MANABI,6
2025,2026-03-03,E,"DISTRIBUCIÓN DE AGUA; ALCANTARILLADO, GESTIÓN DE DESECHOS Y ACTIVIDADES DE SANEAMIENTO.",MANABI,2
2025,2026-06-06,V,SIN ACTIVIDAD ECONOMICA - CIIU,MANABI,11
2025,2026-09-09,S,OTRAS ACTIVIDADES DE SERVICIOS.,MANABI,276
2025,2026-10-10,Q,ACTIVIDADES DE ATENCIÓN DE LA SALUD HUMANA Y DE ASISTENCIA SOCIAL.,MANABI,55
2025,2026-08-08,J,INFORMACIÓN Y COMUNICACIÓN.,MANABI,12
2025,2026-05-05,I,ACTIVIDADES DE ALOJAMIENTO Y DE SERVICIO DE COMIDAS.,MANABI,124
2025,2026-09-09,T,ACTIVIDADES DE LOS HOGARES COMO EMPLEADORES; ACTIVIDADES NO DIFERENCIADAS DE LOS HOGARES COMO PRODUCTORES DE BIENES Y SERVICIOS PARA USO PROPIO.,MANABI,10
2025,2026-03-03,N,ACTIVIDADES DE SERVICIOS ADMINISTRATIVOS Y DE APOYO.,MANABI,51
2025,2026-04-04,X,BAJO RELACION DE DEPENDENCIA SECTOR PUBLICO,MANABI,2
2025,2026-09-09,A,"AGRICULTURA, GANADERÍA,  SILVICULTURA Y PESCA.",MANABI,293
2025,2026-09-09,L,ACTIVIDADES INMOBILIARIAS.,MANABI,42
2025,2026-09-09,G,COMERCIO AL POR MAYOR Y AL POR MENOR; REPARACIÓN DE VEHÍCULOS AUTOMOTORES Y MOTOCICLETAS.,MANABI,674
2025,2026-03-03,L,ACTIVIDADES INMOBILIARIAS.,MANABI,55
2025,2026-10-10,M,"ACTIVIDADES PROFESIONALES, CIENTÍFICAS Y TÉCNICAS.",MANABI,190
2025,2026-01-01,C,INDUSTRIAS MANUFACTURERAS.,MANABI,131
2025,2026-02-02,C,INDUSTRIAS MANUFACTURERAS.,MANABI,93
2025,2026-01-01,Q,ACTIVIDADES DE ATENCIÓN DE LA SALUD HUMANA Y DE ASISTENCIA SOCIAL.,MANABI,114
2025,2026-05-05,O,ADMINISTRACIÓN PÚBLICA Y DEFENSA; PLANES DE SEGURIDAD SOCIAL DE AFILIACIÓN OBLIGATORIA.,MANABI,2
2025,2026-05-05,P,ENSEÑANZA.,MANABI,82
2025,2026-04-04,I,ACTIVIDADES DE ALOJAMIENTO Y DE SERVICIO DE COMIDAS.,MANABI,110
2025,2026-01-01,H,TRANSPORTE Y ALMACENAMIENTO.,MANABI,69
2025,2026-01-01,J,INFORMACIÓN Y COMUNICACIÓN.,MANABI,11
2025,2026-03-03,M,"ACTIVIDADES PROFESIONALES, CIENTÍFICAS Y TÉCNICAS.",MANABI,253
2025,2026-07-07,R,"ARTES, ENTRETENIMIENTO Y RECREACIÓN.",MANABI,21
2025,2026-08-08,G,COMERCIO AL POR MAYOR Y AL POR MENOR; REPARACIÓN DE VEHÍCULOS AUTOMOTORES Y MOTOCICLETAS.,MANABI,678
2025,2026-05-05,M,"ACTIVIDADES PROFESIONALES, CIENTÍFICAS Y TÉCNICAS.",MANABI,168
2025,2026-06-06,L,ACTIVIDADES INMOBILIARIAS.,MANABI,37
2025,2026-03-03,S,OTRAS ACTIVIDADES DE SERVICIOS.,MANABI,384
2025,2026-01-01,A,"AGRICULTURA, GANADERÍA,  SILVICULTURA Y PESCA.",MANABI,430
2025,2026-09-09,H,TRANSPORTE Y ALMACENAMIENTO.,MANABI,74
2025,2026-11-11,A,"AGRICULTURA, GANADERÍA,  SILVICULTURA Y PESCA.",MANABI,211
2025,2026-05-05,A,"AGRICULTURA, GANADERÍA,  SILVICULTURA Y PESCA.",MANABI,212
2025,2026-10-10,I,ACTIVIDADES DE ALOJAMIENTO Y DE SERVICIO DE COMIDAS.,MANABI,104
2025,2026-06-06,G,COMERCIO AL POR MAYOR Y AL POR MENOR; REPARACIÓN DE VEHÍCULOS AUTOMOTORES Y MOTOCICLETAS.,MANABI,578
2025,2026-09-09,M,"ACTIVIDADES PROFESIONALES, CIENTÍFICAS Y TÉCNICAS.",MANABI,256
2025,2026-11-11,J,INFORMACIÓN Y COMUNICACIÓN.,MANABI,9
2025,2026-08-08,Q,ACTIVIDADES DE ATENCIÓN DE LA SALUD HUMANA Y DE ASISTENCIA SOCIAL.,MANABI,53
2025,2026-11-11,I,ACTIVIDADES DE ALOJAMIENTO Y DE SERVICIO DE COMIDAS.,MANABI,93
2025,2026-09-09,V,SIN ACTIVIDAD ECONOMICA - CIIU,MANABI,6
2025,2026-11-11,V,SIN ACTIVIDAD ECONOMICA - CIIU,MANABI,12
2025,2026-03-03,V,SIN ACTIVIDAD ECONOMICA - CIIU,MANABI,50
2025,2026-05-05,Q,ACTIVIDADES DE ATENCIÓN DE LA SALUD HUMANA Y DE ASISTENCIA SOCIAL.,MANABI,50
2025,2026-10-10,R,"ARTES, ENTRETENIMIENTO Y RECREACIÓN.",MANABI,19
2025,2026-05-05,L,ACTIVIDADES INMOBILIARIAS.,MANABI,41
2025,2026-07-07,P,ENSEÑANZA.,MANABI,103
2025,2026-06-06,M,"ACTIVIDADES PROFESIONALES, CIENTÍFICAS Y TÉCNICAS.",MANABI,247
2025,2026-09-09,N,ACTIVIDADES DE SERVICIOS ADMINISTRATIVOS Y DE APOYO.,MANABI,43
2025,2026-09-09,J,INFORMACIÓN Y COMUNICACIÓN.,MANABI,12
2025,2026-02-02,E,"DISTRIBUCIÓN DE AGUA; ALCANTARILLADO, GESTIÓN DE DESECHOS Y ACTIVIDADES DE SANEAMIENTO.",MANABI,2
2025,2026-06-06,H,TRANSPORTE Y ALMACENAMIENTO.,MANABI,59
2025,2026-08-08,I,ACTIVIDADES DE ALOJAMIENTO Y DE SERVICIO DE COMIDAS.,MANABI,116
2025,2026-11-11,H,TRANSPORTE Y ALMACENAMIENTO.,MANABI,52
2025,2026-04-04,H,TRANSPORTE Y ALMACENAMIENTO.,MANABI,59
2025,2026-11-11,W,BAJO RELACION DE DEPENDENCIA SECTOR PRIVADO,MANABI,2
2025,2026-01-01,W,BAJO RELACION DE DEPENDENCIA SECTOR PRIVADO,MANABI,2
2025,2026-08-08,M,"ACTIVIDADES PROFESIONALES, CIENTÍFICAS Y TÉCNICAS.",MANABI,268
2025,2026-07-07,I,ACTIVIDADES DE ALOJAMIENTO Y DE SERVICIO DE COMIDAS.,MANABI,110
2025,2026-11-11,P,ENSEÑANZA.,MANABI,48
2025,2026-03-03,G,COMERCIO AL POR MAYOR Y AL POR MENOR; REPARACIÓN DE VEHÍCULOS AUTOMOTORES Y MOTOCICLETAS.,MANABI,2059
2025,2026-08-08,P,ENSEÑANZA.,MANABI,69
2025,2026-02-02,A,"AGRICULTURA, GANADERÍA,  SILVICULTURA Y PESCA.",MANABI,181
2025,2026-03-03,O,ADMINISTRACIÓN PÚBLICA Y DEFENSA; PLANES DE SEGURIDAD SOCIAL DE AFILIACIÓN OBLIGATORIA.,MANABI,3
2025,2026-08-08,V,SIN ACTIVIDAD ECONOMICA - CIIU,MANABI,2
2025,2026-03-03,X,BAJO RELACION DE DEPENDENCIA SECTOR PUBLICO,MANABI,2
2025,2026-04-04,T,ACTIVIDADES DE LOS HOGARES COMO EMPLEADORES; ACTIVIDADES NO DIFERENCIADAS DE LOS HOGARES COMO PRODUCTORES DE BIENES Y SERVICIOS PARA USO PROPIO.,MANABI,17
2025,2026-07-07,C,INDUSTRIAS MANUFACTURERAS.,MANABI,131
2025,2026-10-10,J,INFORMACIÓN Y COMUNICACIÓN.,MANABI,10
2025,2026-03-03,I,ACTIVIDADES DE ALOJAMIENTO Y DE SERVICIO DE COMIDAS.,MANABI,567
2025,2026-07-07,L,ACTIVIDADES INMOBILIARIAS.,MANABI,60
2025,2026-07-07,H,TRANSPORTE Y ALMACENAMIENTO.,MANABI,89
2025,2026-08-08,C,INDUSTRIAS MANUFACTURERAS.,MANABI,147
2025,2026-01-01,S,OTRAS ACTIVIDADES DE SERVICIOS.,MANABI,314
2025,2026-03-03,A,"AGRICULTURA, GANADERÍA,  SILVICULTURA Y PESCA.",MANABI,393
2025,2026-06-06,F,CONSTRUCCIÓN.,MANABI,43
2025,2026-01-01,D,"SUMINISTRO DE ELECTRICIDAD, GAS, VAPOR Y AIRE ACONDICIONADO.",MANABI,2
2025,2026-05-05,J,INFORMACIÓN Y COMUNICACIÓN.,MANABI,4
2025,2026-08-08,T,ACTIVIDADES DE LOS HOGARES COMO EMPLEADORES; ACTIVIDADES NO DIFERENCIADAS DE LOS HOGARES COMO PRODUCTORES DE BIENES Y SERVICIOS PARA USO PROPIO.,MANABI,13
2025,2026-01-01,X,BAJO RELACION DE DEPENDENCIA SECTOR PUBLICO,MANABI,3
2025,2026-07-07,F,CONSTRUCCIÓN.,MANABI,52
2025,2026-04-04,L,ACTIVIDADES INMOBILIARIAS.,MANABI,25
2025,2026-04-04,C,INDUSTRIAS MANUFACTURERAS.,MANABI,122
2025,2026-02-02,P,ENSEÑANZA.,MANABI,58
2025,2026-04-04,A,"AGRICULTURA, GANADERÍA,  SILVICULTURA Y PESCA.",MANABI,195
2025,2026-02-02,L,ACTIVIDADES INMOBILIARIAS.,MANABI,30
2025,2026-08-08,N,ACTIVIDADES DE SERVICIOS ADMINISTRATIVOS Y DE APOYO.,MANABI,47
2025,2026-01-01,P,ENSEÑANZA.,MANABI,103
2025,2026-08-08,S,OTRAS ACTIVIDADES DE SERVICIOS.,MANABI,292
2025,2026-08-08,F,CONSTRUCCIÓN.,MANABI,43
2025,2026-07-07,N,ACTIVIDADES DE SERVICIOS ADMINISTRATIVOS Y DE APOYO.,MANABI,37
2025,2026-06-06,N,ACTIVIDADES DE SERVICIOS ADMINISTRATIVOS Y DE APOYO.,MANABI,34
2025,2026-07-07,Q,ACTIVIDADES DE ATENCIÓN DE LA SALUD HUMANA Y DE ASISTENCIA SOCIAL.,MANABI,105
2025,2026-02-02,R,"ARTES, ENTRETENIMIENTO Y RECREACIÓN.",MANABI,31
2025,2026-09-09,I,ACTIVIDADES DE ALOJAMIENTO Y DE SERVICIO DE COMIDAS.,MANABI,114
2025,2026-10-10,T,ACTIVIDADES DE LOS HOGARES COMO EMPLEADORES; ACTIVIDADES NO DIFERENCIADAS DE LOS HOGARES COMO PRODUCTORES DE BIENES Y SERVICIOS PARA USO PROPIO.,MANABI,3
2025,2026-07-07,X,BAJO RELACION DE DEPENDENCIA SECTOR PUBLICO,MANABI,3
2025,2026-11-11,G,COMERCIO AL POR MAYOR Y AL POR MENOR; REPARACIÓN DE VEHÍCULOS AUTOMOTORES Y MOTOCICLETAS.,MANABI,519
2025,2026-03-03,C,INDUSTRIAS MANUFACTURERAS.,MANABI,372
2025,2026-07-07,T,ACTIVIDADES DE LOS HOGARES COMO EMPLEADORES; ACTIVIDADES NO DIFERENCIADAS DE LOS HOGARES COMO PRODUCTORES DE BIENES Y SERVICIOS PARA USO PROPIO.,MANABI,15
2025,2026-04-04,N,ACTIVIDADES DE SERVICIOS ADMINISTRATIVOS Y DE APOYO.,MANABI,46
2025,2026-07-07,A,"AGRICULTURA, GANADERÍA,  SILVICULTURA Y PESCA.",MANABI,482
2025,2026-03-03,Q,ACTIVIDADES DE ATENCIÓN DE LA SALUD HUMANA Y DE ASISTENCIA SOCIAL.,MANABI,66
2025,2026-06-06,Q,ACTIVIDADES DE ATENCIÓN DE LA SALUD HUMANA Y DE ASISTENCIA SOCIAL.,MANABI,37
2025,2026-04-04,V,SIN ACTIVIDAD ECONOMICA - CIIU,MANABI,10
2025,2026-10-10,V,SIN ACTIVIDAD ECONOMICA - CIIU,MANABI,9
2025,2026-03-03,H,TRANSPORTE Y ALMACENAMIENTO.,MANABI,122
2025,2026-05-05,F,CONSTRUCCIÓN.,MANABI,51
2025,2026-04-04,Q,ACTIVIDADES DE ATENCIÓN DE LA SALUD HUMANA Y DE ASISTENCIA SOCIAL.,MANABI,55
2025,2026-05-05,V,SIN ACTIVIDAD ECONOMICA - CIIU,MANABI,9
2025,2026-03-03,W,BAJO RELACION DE DEPENDENCIA SECTOR PRIVADO,MANABI,5
2025,2026-11-11,R,"ARTES, ENTRETENIMIENTO Y RECREACIÓN.",MANABI,28
2025,2026-06-06,P,ENSEÑANZA.,MANABI,58
2025,2026-07-07,M,"ACTIVIDADES PROFESIONALES, CIENTÍFICAS Y TÉCNICAS.",MANABI,242
2025,2026-08-08,R,"ARTES, ENTRETENIMIENTO Y RECREACIÓN.",MANABI,26
2025,2026-07-07,G,COMERCIO AL POR MAYOR Y AL POR MENOR; REPARACIÓN DE VEHÍCULOS AUTOMOTORES Y MOTOCICLETAS.,MANABI,713
2025,2026-10-10,L,ACTIVIDADES INMOBILIARIAS.,MANABI,42
2025,2026-03-03,T,ACTIVIDADES DE LOS HOGARES COMO EMPLEADORES; ACTIVIDADES NO DIFERENCIADAS DE LOS HOGARES COMO PRODUCTORES DE BIENES Y SERVICIOS PARA USO PROPIO.,MANABI,20
2025,2026-02-02,T,ACTIVIDADES DE LOS HOGARES COMO EMPLEADORES; ACTIVIDADES NO DIFERENCIADAS DE LOS HOGARES COMO PRODUCTORES DE BIENES Y SERVICIOS PARA USO PROPIO.,MANABI,10
2025,2026-02-02,G,COMERCIO AL POR MAYOR Y AL POR MENOR; REPARACIÓN DE VEHÍCULOS AUTOMOTORES Y MOTOCICLETAS.,MANABI,526
2025,2026-11-11,F,CONSTRUCCIÓN.,MANABI,36
2025,2026-02-02,H,TRANSPORTE Y ALMACENAMIENTO.,MANABI,32
2025,2026-05-05,R,"ARTES, ENTRETENIMIENTO Y RECREACIÓN.",MANABI,21
2025,2026-05-05,H,TRANSPORTE Y ALMACENAMIENTO.,MANABI,64
2025,2026-11-11,M,"ACTIVIDADES PROFESIONALES, CIENTÍFICAS Y TÉCNICAS.",MANABI,164
2025,2026-01-01,N,ACTIVIDADES DE SERVICIOS ADMINISTRATIVOS Y DE APOYO.,MANABI,47
2025,2026-09-09,K,ACTIVIDADES FINANCIERAS Y DE SEGUROS.,MANABI,2
2025,2026-06-06,X,BAJO RELACION DE DEPENDENCIA SECTOR PUBLICO,MANABI,2
2025,2026-05-05,G,COMERCIO AL POR MAYOR Y AL POR MENOR; REPARACIÓN DE VEHÍCULOS AUTOMOTORES Y MOTOCICLETAS.,MANABI,654
2025,2026-07-07,S,OTRAS ACTIVIDADES DE SERVICIOS.,MANABI,274
2025,2026-09-09,R,"ARTES, ENTRETENIMIENTO Y RECREACIÓN.",MANABI,23
2025,2026-09-09,P,ENSEÑANZA.,MANABI,62
2025,2026-10-10,H,TRANSPORTE Y ALMACENAMIENTO.,MANABI,63
2025,2026-11-11,L,ACTIVIDADES INMOBILIARIAS.,MANABI,38
2025,2026-06-06,T,ACTIVIDADES DE LOS HOGARES COMO EMPLEADORES; ACTIVIDADES NO DIFERENCIADAS DE LOS HOGARES COMO PRODUCTORES DE BIENES Y SERVICIOS PARA USO PROPIO.,MANABI,9
2025,2026-01-01,L,ACTIVIDADES INMOBILIARIAS.,MANABI,51
2025,2026-03-03,K,ACTIVIDADES FINANCIERAS Y DE SEGUROS.,MANABI,4
2025,2026-01-01,E,"DISTRIBUCIÓN DE AGUA; ALCANTARILLADO, GESTIÓN DE DESECHOS Y ACTIVIDADES DE SANEAMIENTO.",MANABI,2
2025,2026-10-10,P,ENSEÑANZA.,MANABI,48
2025,2026-02-02,M,"ACTIVIDADES PROFESIONALES, CIENTÍFICAS Y TÉCNICAS.",MANABI,207
2025,2026-03-03,J,INFORMACIÓN Y COMUNICACIÓN.,MANABI,20
2025,2026-06-06,R,"ARTES, ENTRETENIMIENTO Y RECREACIÓN.",MANABI,25
2024,2026-08-08,A,"AGRICULTURA, GANADERÍA,  SILVICULTURA Y PESCA.",MANABI,204
2024,2026-09-09,Q,ACTIVIDADES DE ATENCIÓN DE LA SALUD HUMANA Y DE ASISTENCIA SOCIAL.,MANABI,39
2024,2026-08-08,N,ACTIVIDADES DE SERVICIOS ADMINISTRATIVOS Y DE APOYO.,MANABI,24
2024,2026-11-11,N,ACTIVIDADES DE SERVICIOS ADMINISTRATIVOS Y DE APOYO.,MANABI,25
2024,2026-03-03,J,INFORMACIÓN Y COMUNICACIÓN.,MANABI,16
2024,2026-02-02,L,ACTIVIDADES INMOBILIARIAS.,MANABI,137
2024,2026-12-12,L,ACTIVIDADES INMOBILIARIAS.,MANABI,32
2024,2026-02-02,C,INDUSTRIAS MANUFACTURERAS.,MANABI,460
2024,2026-10-10,C,INDUSTRIAS MANUFACTURERAS.,MANABI,59
2024,2026-08-08,F,CONSTRUCCIÓN.,MANABI,32
2024,2026-06-06,F,CONSTRUCCIÓN.,MANABI,21
2024,2026-08-08,C,INDUSTRIAS MANUFACTURERAS.,MANABI,71
2024,2026-02-02,H,TRANSPORTE Y ALMACENAMIENTO.,MANABI,388
2024,2026-08-08,V,SIN ACTIVIDAD ECONOMICA - CIIU,MANABI,7
2024,2026-06-06,A,"AGRICULTURA, GANADERÍA,  SILVICULTURA Y PESCA.",MANABI,216
2024,2026-01-01,J,INFORMACIÓN Y COMUNICACIÓN.,MANABI,14
2024,2026-08-08,Q,ACTIVIDADES DE ATENCIÓN DE LA SALUD HUMANA Y DE ASISTENCIA SOCIAL.,MANABI,54
2024,2026-07-07,O,ADMINISTRACIÓN PÚBLICA Y DEFENSA; PLANES DE SEGURIDAD SOCIAL DE AFILIACIÓN OBLIGATORIA.,MANABI,4
2024,2026-12-12,R,"ARTES, ENTRETENIMIENTO Y RECREACIÓN.",MANABI,31
2024,2026-05-05,F,CONSTRUCCIÓN.,MANABI,37
2024,2026-07-07,J,INFORMACIÓN Y COMUNICACIÓN.,MANABI,12
2024,2026-08-08,L,ACTIVIDADES INMOBILIARIAS.,MANABI,28
2024,2026-11-11,E,"DISTRIBUCIÓN DE AGUA; ALCANTARILLADO, GESTIÓN DE DESECHOS Y ACTIVIDADES DE SANEAMIENTO.",MANABI,3
2024,2026-08-08,P,ENSEÑANZA.,MANABI,39
2024,2026-06-06,G,COMERCIO AL POR MAYOR Y AL POR MENOR; REPARACIÓN DE VEHÍCULOS AUTOMOTORES Y MOTOCICLETAS.,MANABI,425
2024,2026-05-05,M,"ACTIVIDADES PROFESIONALES, CIENTÍFICAS Y TÉCNICAS.",MANABI,162
2024,2026-02-02,W,BAJO RELACION DE DEPENDENCIA SECTOR PRIVADO,MANABI,2
2024,2026-04-04,E,"DISTRIBUCIÓN DE AGUA; ALCANTARILLADO, GESTIÓN DE DESECHOS Y ACTIVIDADES DE SANEAMIENTO.",MANABI,3
2024,2026-07-07,A,"AGRICULTURA, GANADERÍA,  SILVICULTURA Y PESCA.",MANABI,515
2024,2026-11-11,M,"ACTIVIDADES PROFESIONALES, CIENTÍFICAS Y TÉCNICAS.",MANABI,147
2024,2026-09-09,G,COMERCIO AL POR MAYOR Y AL POR MENOR; REPARACIÓN DE VEHÍCULOS AUTOMOTORES Y MOTOCICLETAS.,MANABI,460
2024,2026-02-02,G,COMERCIO AL POR MAYOR Y AL POR MENOR; REPARACIÓN DE VEHÍCULOS AUTOMOTORES Y MOTOCICLETAS.,MANABI,2264
2024,2026-02-02,S,OTRAS ACTIVIDADES DE SERVICIOS.,MANABI,637
2024,2026-11-11,V,SIN ACTIVIDAD ECONOMICA - CIIU,MANABI,8
2024,2026-05-05,A,"AGRICULTURA, GANADERÍA,  SILVICULTURA Y PESCA.",MANABI,175
2024,2026-11-11,J,INFORMACIÓN Y COMUNICACIÓN.,MANABI,6
2024,2026-03-03,H,TRANSPORTE Y ALMACENAMIENTO.,MANABI,85
2024,2026-04-04,L,ACTIVIDADES INMOBILIARIAS.,MANABI,65
2024,2026-10-10,F,CONSTRUCCIÓN.,MANABI,28
2024,2026-03-03,R,"ARTES, ENTRETENIMIENTO Y RECREACIÓN.",MANABI,36
2024,2026-08-08,S,OTRAS ACTIVIDADES DE SERVICIOS.,MANABI,154
2024,2026-07-07,M,"ACTIVIDADES PROFESIONALES, CIENTÍFICAS Y TÉCNICAS.",MANABI,199
2024,2026-08-08,J,INFORMACIÓN Y COMUNICACIÓN.,MANABI,7
2024,2026-02-02,P,ENSEÑANZA.,MANABI,376
2024,2026-09-09,I,ACTIVIDADES DE ALOJAMIENTO Y DE SERVICIO DE COMIDAS.,MANABI,74
2024,2026-06-06,X,BAJO RELACION DE DEPENDENCIA SECTOR PUBLICO,MANABI,2
2024,2026-04-04,V,SIN ACTIVIDAD ECONOMICA - CIIU,MANABI,7
2024,2026-10-10,A,"AGRICULTURA, GANADERÍA,  SILVICULTURA Y PESCA.",MANABI,151
2024,2026-03-03,I,ACTIVIDADES DE ALOJAMIENTO Y DE SERVICIO DE COMIDAS.,MANABI,149
2024,2026-03-03,Q,ACTIVIDADES DE ATENCIÓN DE LA SALUD HUMANA Y DE ASISTENCIA SOCIAL.,MANABI,72
2024,2026-12-12,F,CONSTRUCCIÓN.,MANABI,36
2024,2026-05-05,L,ACTIVIDADES INMOBILIARIAS.,MANABI,28
2024,2026-02-02,R,"ARTES, ENTRETENIMIENTO Y RECREACIÓN.",MANABI,114
2024,2026-10-10,M,"ACTIVIDADES PROFESIONALES, CIENTÍFICAS Y TÉCNICAS.",MANABI,155
2024,2026-07-07,R,"ARTES, ENTRETENIMIENTO Y RECREACIÓN.",MANABI,25
2024,2026-06-06,N,ACTIVIDADES DE SERVICIOS ADMINISTRATIVOS Y DE APOYO.,MANABI,25
2024,2026-01-01,I,ACTIVIDADES DE ALOJAMIENTO Y DE SERVICIO DE COMIDAS.,MANABI,116
2024,2026-04-04,I,ACTIVIDADES DE ALOJAMIENTO Y DE SERVICIO DE COMIDAS.,MANABI,124
2024,2026-08-08,T,ACTIVIDADES DE LOS HOGARES COMO EMPLEADORES; ACTIVIDADES NO DIFERENCIADAS DE LOS HOGARES COMO PRODUCTORES DE BIENES Y SERVICIOS PARA USO PROPIO.,MANABI,15
2024,2026-07-07,V,SIN ACTIVIDAD ECONOMICA - CIIU,MANABI,22
2024,2026-05-05,E,"DISTRIBUCIÓN DE AGUA; ALCANTARILLADO, GESTIÓN DE DESECHOS Y ACTIVIDADES DE SANEAMIENTO.",MANABI,2
2024,2026-09-09,S,OTRAS ACTIVIDADES DE SERVICIOS.,MANABI,148
2024,2026-10-10,I,ACTIVIDADES DE ALOJAMIENTO Y DE SERVICIO DE COMIDAS.,MANABI,62
2024,2026-04-04,R,"ARTES, ENTRETENIMIENTO Y RECREACIÓN.",MANABI,35
2024,2026-11-11,T,ACTIVIDADES DE LOS HOGARES COMO EMPLEADORES; ACTIVIDADES NO DIFERENCIADAS DE LOS HOGARES COMO PRODUCTORES DE BIENES Y SERVICIOS PARA USO PROPIO.,MANABI,10
2024,2026-05-05,G,COMERCIO AL POR MAYOR Y AL POR MENOR; REPARACIÓN DE VEHÍCULOS AUTOMOTORES Y MOTOCICLETAS.,MANABI,591
2024,2026-08-08,G,COMERCIO AL POR MAYOR Y AL POR MENOR; REPARACIÓN DE VEHÍCULOS AUTOMOTORES Y MOTOCICLETAS.,MANABI,463
2024,2026-11-11,S,OTRAS ACTIVIDADES DE SERVICIOS.,MANABI,195
2024,2026-04-04,S,OTRAS ACTIVIDADES DE SERVICIOS.,MANABI,266
2024,2026-06-06,M,"ACTIVIDADES PROFESIONALES, CIENTÍFICAS Y TÉCNICAS.",MANABI,138
2024,2026-02-02,Q,ACTIVIDADES DE ATENCIÓN DE LA SALUD HUMANA Y DE ASISTENCIA SOCIAL.,MANABI,262
2024,2026-03-03,M,"ACTIVIDADES PROFESIONALES, CIENTÍFICAS Y TÉCNICAS.",MANABI,327
2024,2026-04-04,M,"ACTIVIDADES PROFESIONALES, CIENTÍFICAS Y TÉCNICAS.",MANABI,253
2024,2026-06-06,I,ACTIVIDADES DE ALOJAMIENTO Y DE SERVICIO DE COMIDAS.,MANABI,79
2024,2026-11-11,R,"ARTES, ENTRETENIMIENTO Y RECREACIÓN.",MANABI,15
2024,2026-09-09,N,ACTIVIDADES DE SERVICIOS ADMINISTRATIVOS Y DE APOYO.,MANABI,20
2024,2026-06-06,P,ENSEÑANZA.,MANABI,48
2024,2026-09-09,R,"ARTES, ENTRETENIMIENTO Y RECREACIÓN.",MANABI,11
2024,2026-06-06,L,ACTIVIDADES INMOBILIARIAS.,MANABI,20
2024,2026-07-07,Q,ACTIVIDADES DE ATENCIÓN DE LA SALUD HUMANA Y DE ASISTENCIA SOCIAL.,MANABI,105
2024,2026-07-07,S,OTRAS ACTIVIDADES DE SERVICIOS.,MANABI,236
2024,2026-06-06,Q,ACTIVIDADES DE ATENCIÓN DE LA SALUD HUMANA Y DE ASISTENCIA SOCIAL.,MANABI,49
2024,2026-12-12,X,BAJO RELACION DE DEPENDENCIA SECTOR PUBLICO,MANABI,4
2024,2026-10-10,X,BAJO RELACION DE DEPENDENCIA SECTOR PUBLICO,MANABI,4
2024,2026-11-11,X,BAJO RELACION DE DEPENDENCIA SECTOR PUBLICO,MANABI,2
2024,2026-03-03,V,SIN ACTIVIDAD ECONOMICA - CIIU,MANABI,9
2024,2026-12-12,H,TRANSPORTE Y ALMACENAMIENTO.,MANABI,50
2024,2026-07-07,G,COMERCIO AL POR MAYOR Y AL POR MENOR; REPARACIÓN DE VEHÍCULOS AUTOMOTORES Y MOTOCICLETAS.,MANABI,684
2024,2026-01-01,M,"ACTIVIDADES PROFESIONALES, CIENTÍFICAS Y TÉCNICAS.",MANABI,296
2024,2026-09-09,A,"AGRICULTURA, GANADERÍA,  SILVICULTURA Y PESCA.",MANABI,160
2024,2026-08-08,H,TRANSPORTE Y ALMACENAMIENTO.,MANABI,42
2024,2026-06-06,H,TRANSPORTE Y ALMACENAMIENTO.,MANABI,35
2024,2026-01-01,Q,ACTIVIDADES DE ATENCIÓN DE LA SALUD HUMANA Y DE ASISTENCIA SOCIAL.,MANABI,157
2024,2026-10-10,Q,ACTIVIDADES DE ATENCIÓN DE LA SALUD HUMANA Y DE ASISTENCIA SOCIAL.,MANABI,34
2024,2026-02-02,F,CONSTRUCCIÓN.,MANABI,332
2024,2026-05-05,P,ENSEÑANZA.,MANABI,57
2024,2026-04-04,N,ACTIVIDADES DE SERVICIOS ADMINISTRATIVOS Y DE APOYO.,MANABI,41
2024,2026-06-06,T,ACTIVIDADES DE LOS HOGARES COMO EMPLEADORES; ACTIVIDADES NO DIFERENCIADAS DE LOS HOGARES COMO PRODUCTORES DE BIENES Y SERVICIOS PARA USO PROPIO.,MANABI,13
2024,2026-01-01,X,BAJO RELACION DE DEPENDENCIA SECTOR PUBLICO,MANABI,6
2024,2026-10-10,R,"ARTES, ENTRETENIMIENTO Y RECREACIÓN.",MANABI,19
2024,2026-04-04,H,TRANSPORTE Y ALMACENAMIENTO.,MANABI,116
2024,2026-01-01,G,COMERCIO AL POR MAYOR Y AL POR MENOR; REPARACIÓN DE VEHÍCULOS AUTOMOTORES Y MOTOCICLETAS.,MANABI,770
2024,2026-08-08,R,"ARTES, ENTRETENIMIENTO Y RECREACIÓN.",MANABI,20
2024,2026-04-04,A,"AGRICULTURA, GANADERÍA,  SILVICULTURA Y PESCA.",MANABI,549
2024,2026-12-12,M,"ACTIVIDADES PROFESIONALES, CIENTÍFICAS Y TÉCNICAS.",MANABI,197
2024,2026-06-06,S,OTRAS ACTIVIDADES DE SERVICIOS.,MANABI,172
2024,2026-03-03,A,"AGRICULTURA, GANADERÍA,  SILVICULTURA Y PESCA.",MANABI,251
2024,2026-02-02,O,ADMINISTRACIÓN PÚBLICA Y DEFENSA; PLANES DE SEGURIDAD SOCIAL DE AFILIACIÓN OBLIGATORIA.,MANABI,4
2024,2026-03-03,C,INDUSTRIAS MANUFACTURERAS.,MANABI,199
2024,2026-05-05,C,INDUSTRIAS MANUFACTURERAS.,MANABI,122
2024,2026-02-02,M,"ACTIVIDADES PROFESIONALES, CIENTÍFICAS Y TÉCNICAS.",MANABI,1008
2024,2026-04-04,G,COMERCIO AL POR MAYOR Y AL POR MENOR; REPARACIÓN DE VEHÍCULOS AUTOMOTORES Y MOTOCICLETAS.,MANABI,828
2024,2026-01-01,N,ACTIVIDADES DE SERVICIOS ADMINISTRATIVOS Y DE APOYO.,MANABI,31
2024,2026-11-11,P,ENSEÑANZA.,MANABI,25
2024,2026-12-12,Q,ACTIVIDADES DE ATENCIÓN DE LA SALUD HUMANA Y DE ASISTENCIA SOCIAL.,MANABI,37
2024,2026-07-07,N,ACTIVIDADES DE SERVICIOS ADMINISTRATIVOS Y DE APOYO.,MANABI,35
2024,2026-03-03,L,ACTIVIDADES INMOBILIARIAS.,MANABI,45
2024,2026-07-07,T,ACTIVIDADES DE LOS HOGARES COMO EMPLEADORES; ACTIVIDADES NO DIFERENCIADAS DE LOS HOGARES COMO PRODUCTORES DE BIENES Y SERVICIOS PARA USO PROPIO.,MANABI,8
2024,2026-02-02,E,"DISTRIBUCIÓN DE AGUA; ALCANTARILLADO, GESTIÓN DE DESECHOS Y ACTIVIDADES DE SANEAMIENTO.",MANABI,8
2024,2026-06-06,R,"ARTES, ENTRETENIMIENTO Y RECREACIÓN.",MANABI,24
2024,2026-04-04,J,INFORMACIÓN Y COMUNICACIÓN.,MANABI,9
2024,2026-04-04,T,ACTIVIDADES DE LOS HOGARES COMO EMPLEADORES; ACTIVIDADES NO DIFERENCIADAS DE LOS HOGARES COMO PRODUCTORES DE BIENES Y SERVICIOS PARA USO PROPIO.,MANABI,16
2024,2026-10-10,L,ACTIVIDADES INMOBILIARIAS.,MANABI,32
2024,2026-12-12,S,OTRAS ACTIVIDADES DE SERVICIOS.,MANABI,236
2024,2026-09-09,H,TRANSPORTE Y ALMACENAMIENTO.,MANABI,49
2024,2026-06-06,J,INFORMACIÓN Y COMUNICACIÓN.,MANABI,12
2024,2026-07-07,F,CONSTRUCCIÓN.,MANABI,65
2024,2026-04-04,C,INDUSTRIAS MANUFACTURERAS.,MANABI,161
2024,2026-10-10,T,ACTIVIDADES DE LOS HOGARES COMO EMPLEADORES; ACTIVIDADES NO DIFERENCIADAS DE LOS HOGARES COMO PRODUCTORES DE BIENES Y SERVICIOS PARA USO PROPIO.,MANABI,11
2024,2026-11-11,Q,ACTIVIDADES DE ATENCIÓN DE LA SALUD HUMANA Y DE ASISTENCIA SOCIAL.,MANABI,29
2024,2026-11-11,C,INDUSTRIAS MANUFACTURERAS.,MANABI,74
2024,2026-01-01,C,INDUSTRIAS MANUFACTURERAS.,MANABI,139
2024,2026-06-06,C,INDUSTRIAS MANUFACTURERAS.,MANABI,88
2024,2026-07-07,C,INDUSTRIAS MANUFACTURERAS.,MANABI,121
2024,2026-07-07,P,ENSEÑANZA.,MANABI,84
2024,2026-09-09,V,SIN ACTIVIDAD ECONOMICA - CIIU,MANABI,9
2024,2026-11-11,G,COMERCIO AL POR MAYOR Y AL POR MENOR; REPARACIÓN DE VEHÍCULOS AUTOMOTORES Y MOTOCICLETAS.,MANABI,444
2024,2026-03-03,G,COMERCIO AL POR MAYOR Y AL POR MENOR; REPARACIÓN DE VEHÍCULOS AUTOMOTORES Y MOTOCICLETAS.,MANABI,901
2024,2026-03-03,F,CONSTRUCCIÓN.,MANABI,41
2024,2026-08-08,M,"ACTIVIDADES PROFESIONALES, CIENTÍFICAS Y TÉCNICAS.",MANABI,143
2024,2026-12-12,A,"AGRICULTURA, GANADERÍA,  SILVICULTURA Y PESCA.",MANABI,186
2024,2026-09-09,M,"ACTIVIDADES PROFESIONALES, CIENTÍFICAS Y TÉCNICAS.",MANABI,160
2024,2026-04-04,Q,ACTIVIDADES DE ATENCIÓN DE LA SALUD HUMANA Y DE ASISTENCIA SOCIAL.,MANABI,55
2024,2026-02-02,D,"SUMINISTRO DE ELECTRICIDAD, GAS, VAPOR Y AIRE ACONDICIONADO.",MANABI,4
2024,2026-01-01,H,TRANSPORTE Y ALMACENAMIENTO.,MANABI,83
2024,2026-02-02,N,ACTIVIDADES DE SERVICIOS ADMINISTRATIVOS Y DE APOYO.,MANABI,134
2024,2026-11-11,K,ACTIVIDADES FINANCIERAS Y DE SEGUROS.,MANABI,4
2024,2026-02-02,I,ACTIVIDADES DE ALOJAMIENTO Y DE SERVICIO DE COMIDAS.,MANABI,248
2024,2026-12-12,T,ACTIVIDADES DE LOS HOGARES COMO EMPLEADORES; ACTIVIDADES NO DIFERENCIADAS DE LOS HOGARES COMO PRODUCTORES DE BIENES Y SERVICIOS PARA USO PROPIO.,MANABI,11
2024,2026-09-09,L,ACTIVIDADES INMOBILIARIAS.,MANABI,33
2024,2026-09-09,F,CONSTRUCCIÓN.,MANABI,21
2024,2026-01-01,T,ACTIVIDADES DE LOS HOGARES COMO EMPLEADORES; ACTIVIDADES NO DIFERENCIADAS DE LOS HOGARES COMO PRODUCTORES DE BIENES Y SERVICIOS PARA USO PROPIO.,MANABI,21
2024,2026-10-10,V,SIN ACTIVIDAD ECONOMICA - CIIU,MANABI,10
2024,2026-02-02,V,SIN ACTIVIDAD ECONOMICA - CIIU,MANABI,9
2024,2026-10-10,N,ACTIVIDADES DE SERVICIOS ADMINISTRATIVOS Y DE APOYO.,MANABI,22
2024,2026-12-12,C,INDUSTRIAS MANUFACTURERAS.,MANABI,117
2024,2026-10-10,H,TRANSPORTE Y ALMACENAMIENTO.,MANABI,51
2024,2026-08-08,I,ACTIVIDADES DE ALOJAMIENTO Y DE SERVICIO DE COMIDAS.,MANABI,80
2024,2026-10-10,S,OTRAS ACTIVIDADES DE SERVICIOS.,MANABI,144
2024,2026-09-09,J,INFORMACIÓN Y COMUNICACIÓN.,MANABI,6
2024,2026-02-02,A,"AGRICULTURA, GANADERÍA,  SILVICULTURA Y PESCA.",MANABI,2518
2024,2026-07-07,H,TRANSPORTE Y ALMACENAMIENTO.,MANABI,97
2024,2026-05-05,S,OTRAS ACTIVIDADES DE SERVICIOS.,MANABI,275
2024,2026-05-05,J,INFORMACIÓN Y COMUNICACIÓN.,MANABI,9
2024,2026-09-09,C,INDUSTRIAS MANUFACTURERAS.,MANABI,81
2024,2026-01-01,A,"AGRICULTURA, GANADERÍA,  SILVICULTURA Y PESCA.",MANABI,431
2024,2026-02-02,J,INFORMACIÓN Y COMUNICACIÓN.,MANABI,58
2024,2026-03-03,P,ENSEÑANZA.,MANABI,78
2024,2026-05-05,H,TRANSPORTE Y ALMACENAMIENTO.,MANABI,54
2024,2026-12-12,P,ENSEÑANZA.,MANABI,60
2024,2026-01-01,P,ENSEÑANZA.,MANABI,109
2024,2026-07-07,I,ACTIVIDADES DE ALOJAMIENTO Y DE SERVICIO DE COMIDAS.,MANABI,136
2024,2026-05-05,R,"ARTES, ENTRETENIMIENTO Y RECREACIÓN.",MANABI,25
2024,2026-03-03,S,OTRAS ACTIVIDADES DE SERVICIOS.,MANABI,508
2024,2026-04-04,F,CONSTRUCCIÓN.,MANABI,79
2024,2026-01-01,L,ACTIVIDADES INMOBILIARIAS.,MANABI,64
2024,2026-05-05,N,ACTIVIDADES DE SERVICIOS ADMINISTRATIVOS Y DE APOYO.,MANABI,43
2024,2026-01-01,R,"ARTES, ENTRETENIMIENTO Y RECREACIÓN.",MANABI,34
2024,2026-11-11,I,ACTIVIDADES DE ALOJAMIENTO Y DE SERVICIO DE COMIDAS.,MANABI,65
2024,2026-07-07,E,"DISTRIBUCIÓN DE AGUA; ALCANTARILLADO, GESTIÓN DE DESECHOS Y ACTIVIDADES DE SANEAMIENTO.",MANABI,2
2024,2026-03-03,T,ACTIVIDADES DE LOS HOGARES COMO EMPLEADORES; ACTIVIDADES NO DIFERENCIADAS DE LOS HOGARES COMO PRODUCTORES DE BIENES Y SERVICIOS PARA USO PROPIO.,MANABI,24
2024,2026-12-12,V,SIN ACTIVIDAD ECONOMICA - CIIU,MANABI,7
2024,2026-05-05,T,ACTIVIDADES DE LOS HOGARES COMO EMPLEADORES; ACTIVIDADES NO DIFERENCIADAS DE LOS HOGARES COMO PRODUCTORES DE BIENES Y SERVICIOS PARA USO PROPIO.,MANABI,13
2024,2026-12-12,I,ACTIVIDADES DE ALOJAMIENTO Y DE SERVICIO DE COMIDAS.,MANABI,81
2024,2026-02-02,X,BAJO RELACION DE DEPENDENCIA SECTOR PUBLICO,MANABI,7
2024,2026-12-12,G,COMERCIO AL POR MAYOR Y AL POR MENOR; REPARACIÓN DE VEHÍCULOS AUTOMOTORES Y MOTOCICLETAS.,MANABI,553
2024,2026-01-01,F,CONSTRUCCIÓN.,MANABI,62
2024,2026-10-10,G,COMERCIO AL POR MAYOR Y AL POR MENOR; REPARACIÓN DE VEHÍCULOS AUTOMOTORES Y MOTOCICLETAS.,MANABI,441
2024,2026-11-11,A,"AGRICULTURA, GANADERÍA,  SILVICULTURA Y PESCA.",MANABI,166
2024,2026-04-04,P,ENSEÑANZA.,MANABI,59
2024,2026-01-01,S,OTRAS ACTIVIDADES DE SERVICIOS.,MANABI,325
2024,2026-03-03,N,ACTIVIDADES DE SERVICIOS ADMINISTRATIVOS Y DE APOYO.,MANABI,55
2024,2026-09-09,P,ENSEÑANZA.,MANABI,44
2024,2026-11-11,F,CONSTRUCCIÓN.,MANABI,27
2024,2026-12-12,N,ACTIVIDADES DE SERVICIOS ADMINISTRATIVOS Y DE APOYO.,MANABI,34
2024,2026-11-11,H,TRANSPORTE Y ALMACENAMIENTO.,MANABI,30
2024,2026-10-10,P,ENSEÑANZA.,MANABI,32
2024,2026-10-10,J,INFORMACIÓN Y COMUNICACIÓN.,MANABI,8
2024,2026-05-05,Q,ACTIVIDADES DE ATENCIÓN DE LA SALUD HUMANA Y DE ASISTENCIA SOCIAL.,MANABI,43
2024,2026-05-05,I,ACTIVIDADES DE ALOJAMIENTO Y DE SERVICIO DE COMIDAS.,MANABI,132
2024,2026-02-02,B,EXPLOTACIÓN DE MINAS Y CANTERAS.,MANABI,2
2024,2026-07-07,L,ACTIVIDADES INMOBILIARIAS.,MANABI,60
2024,2026-09-09,X,BAJO RELACION DE DEPENDENCIA SECTOR PUBLICO,MANABI,4
2024,2026-12-12,J,INFORMACIÓN Y COMUNICACIÓN.,MANABI,11
2024,2026-09-09,T,ACTIVIDADES DE LOS HOGARES COMO EMPLEADORES; ACTIVIDADES NO DIFERENCIADAS DE LOS HOGARES COMO PRODUCTORES DE BIENES Y SERVICIOS PARA USO PROPIO.,MANABI,10
2024,2026-04-04,D,"SUMINISTRO DE ELECTRICIDAD, GAS, VAPOR Y AIRE ACONDICIONADO.",MANABI,3
2024,2026-11-11,L,ACTIVIDADES INMOBILIARIAS.,MANABI,27
2024,2026-02-02,T,ACTIVIDADES DE LOS HOGARES COMO EMPLEADORES; ACTIVIDADES NO DIFERENCIADAS DE LOS HOGARES COMO PRODUCTORES DE BIENES Y SERVICIOS PARA USO PROPIO.,MANABI,26
2022,2026-10-10,G,COMERCIO AL POR MAYOR Y AL POR MENOR; REPARACIÓN DE VEHÍCULOS AUTOMOTORES Y MOTOCICLETAS.,MANABI,1440
2022,2026-05-05,G,COMERCIO AL POR MAYOR Y AL POR MENOR; REPARACIÓN DE VEHÍCULOS AUTOMOTORES Y MOTOCICLETAS.,MANABI,406
2022,2026-09-09,N,ACTIVIDADES DE SERVICIOS ADMINISTRATIVOS Y DE APOYO.,MANABI,22
2022,2026-08-08,A,"AGRICULTURA, GANADERÍA,  SILVICULTURA Y PESCA.",MANABI,340
2022,2026-07-07,S,OTRAS ACTIVIDADES DE SERVICIOS.,MANABI,152
2022,2026-01-01,I,ACTIVIDADES DE ALOJAMIENTO Y DE SERVICIO DE COMIDAS.,MANABI,146
2022,2026-04-04,P,ENSEÑANZA.,MANABI,67
2022,2026-05-05,R,"ARTES, ENTRETENIMIENTO Y RECREACIÓN.",MANABI,28
2022,2026-11-11,D,"SUMINISTRO DE ELECTRICIDAD, GAS, VAPOR Y AIRE ACONDICIONADO.",MANABI,3
2022,2026-01-01,G,COMERCIO AL POR MAYOR Y AL POR MENOR; REPARACIÓN DE VEHÍCULOS AUTOMOTORES Y MOTOCICLETAS.,MANABI,1017
2022,2026-07-07,H,TRANSPORTE Y ALMACENAMIENTO.,MANABI,96
2022,2026-02-02,M,"ACTIVIDADES PROFESIONALES, CIENTÍFICAS Y TÉCNICAS.",MANABI,110
2022,2026-11-11,R,"ARTES, ENTRETENIMIENTO Y RECREACIÓN.",MANABI,25
2022,2026-12-12,H,TRANSPORTE Y ALMACENAMIENTO.,MANABI,69
2022,2026-06-06,Q,ACTIVIDADES DE ATENCIÓN DE LA SALUD HUMANA Y DE ASISTENCIA SOCIAL.,MANABI,30
2022,2026-09-09,C,INDUSTRIAS MANUFACTURERAS.,MANABI,46
2022,2026-05-05,M,"ACTIVIDADES PROFESIONALES, CIENTÍFICAS Y TÉCNICAS.",MANABI,126
2022,2026-10-10,A,"AGRICULTURA, GANADERÍA,  SILVICULTURA Y PESCA.",MANABI,761
2022,2026-04-04,H,TRANSPORTE Y ALMACENAMIENTO.,MANABI,87
2022,2026-02-02,L,ACTIVIDADES INMOBILIARIAS.,MANABI,29
2022,2026-03-03,F,CONSTRUCCIÓN.,MANABI,187
2022,2026-10-10,W,BAJO RELACION DE DEPENDENCIA SECTOR PRIVADO,MANABI,3
2022,2026-03-03,V,SIN ACTIVIDAD ECONOMICA - CIIU,MANABI,17
2022,2026-09-09,Q,ACTIVIDADES DE ATENCIÓN DE LA SALUD HUMANA Y DE ASISTENCIA SOCIAL.,MANABI,18
2022,2026-05-05,P,ENSEÑANZA.,MANABI,40
2022,2026-09-09,P,ENSEÑANZA.,MANABI,30
2022,2026-02-02,R,"ARTES, ENTRETENIMIENTO Y RECREACIÓN.",MANABI,21
2022,2026-06-06,F,CONSTRUCCIÓN.,MANABI,39
2022,2026-08-08,H,TRANSPORTE Y ALMACENAMIENTO.,MANABI,89
2022,2026-07-07,N,ACTIVIDADES DE SERVICIOS ADMINISTRATIVOS Y DE APOYO.,MANABI,41
2022,2026-12-12,V,SIN ACTIVIDAD ECONOMICA - CIIU,MANABI,9
2022,2026-11-11,V,SIN ACTIVIDAD ECONOMICA - CIIU,MANABI,5
2022,2026-08-08,T,ACTIVIDADES DE LOS HOGARES COMO EMPLEADORES; ACTIVIDADES NO DIFERENCIADAS DE LOS HOGARES COMO PRODUCTORES DE BIENES Y SERVICIOS PARA USO PROPIO.,MANABI,13
2022,2026-08-08,V,SIN ACTIVIDAD ECONOMICA - CIIU,MANABI,5
2022,2026-06-06,V,SIN ACTIVIDAD ECONOMICA - CIIU,MANABI,7
2022,2026-12-12,G,COMERCIO AL POR MAYOR Y AL POR MENOR; REPARACIÓN DE VEHÍCULOS AUTOMOTORES Y MOTOCICLETAS.,MANABI,714
2022,2026-11-11,G,COMERCIO AL POR MAYOR Y AL POR MENOR; REPARACIÓN DE VEHÍCULOS AUTOMOTORES Y MOTOCICLETAS.,MANABI,586
2022,2026-03-03,M,"ACTIVIDADES PROFESIONALES, CIENTÍFICAS Y TÉCNICAS.",MANABI,354
2022,2026-08-08,N,ACTIVIDADES DE SERVICIOS ADMINISTRATIVOS Y DE APOYO.,MANABI,41
2022,2026-05-05,I,ACTIVIDADES DE ALOJAMIENTO Y DE SERVICIO DE COMIDAS.,MANABI,49
2022,2026-05-05,T,ACTIVIDADES DE LOS HOGARES COMO EMPLEADORES; ACTIVIDADES NO DIFERENCIADAS DE LOS HOGARES COMO PRODUCTORES DE BIENES Y SERVICIOS PARA USO PROPIO.,MANABI,16
2022,2026-02-02,H,TRANSPORTE Y ALMACENAMIENTO.,MANABI,29
2022,2026-10-10,E,"DISTRIBUCIÓN DE AGUA; ALCANTARILLADO, GESTIÓN DE DESECHOS Y ACTIVIDADES DE SANEAMIENTO.",MANABI,7
2022,2026-01-01,X,BAJO RELACION DE DEPENDENCIA SECTOR PUBLICO,MANABI,2
2022,2026-04-04,B,EXPLOTACIÓN DE MINAS Y CANTERAS.,MANABI,2
2022,2026-06-06,A,"AGRICULTURA, GANADERÍA,  SILVICULTURA Y PESCA.",MANABI,236
2022,2026-07-07,G,COMERCIO AL POR MAYOR Y AL POR MENOR; REPARACIÓN DE VEHÍCULOS AUTOMOTORES Y MOTOCICLETAS.,MANABI,572
2022,2026-01-01,A,"AGRICULTURA, GANADERÍA,  SILVICULTURA Y PESCA.",MANABI,711
2022,2026-02-02,A,"AGRICULTURA, GANADERÍA,  SILVICULTURA Y PESCA.",MANABI,136
2022,2026-03-03,R,"ARTES, ENTRETENIMIENTO Y RECREACIÓN.",MANABI,105
2022,2026-04-04,Q,ACTIVIDADES DE ATENCIÓN DE LA SALUD HUMANA Y DE ASISTENCIA SOCIAL.,MANABI,74
2022,2026-12-12,L,ACTIVIDADES INMOBILIARIAS.,MANABI,48
2022,2026-02-02,Q,ACTIVIDADES DE ATENCIÓN DE LA SALUD HUMANA Y DE ASISTENCIA SOCIAL.,MANABI,38
2022,2026-01-01,R,"ARTES, ENTRETENIMIENTO Y RECREACIÓN.",MANABI,36
2022,2026-12-12,T,ACTIVIDADES DE LOS HOGARES COMO EMPLEADORES; ACTIVIDADES NO DIFERENCIADAS DE LOS HOGARES COMO PRODUCTORES DE BIENES Y SERVICIOS PARA USO PROPIO.,MANABI,16
2022,2026-01-01,J,INFORMACIÓN Y COMUNICACIÓN.,MANABI,6
2022,2026-12-12,O,ADMINISTRACIÓN PÚBLICA Y DEFENSA; PLANES DE SEGURIDAD SOCIAL DE AFILIACIÓN OBLIGATORIA.,MANABI,2
2022,2026-11-11,Q,ACTIVIDADES DE ATENCIÓN DE LA SALUD HUMANA Y DE ASISTENCIA SOCIAL.,MANABI,54
2022,2026-01-01,L,ACTIVIDADES INMOBILIARIAS.,MANABI,58
2022,2026-03-03,C,INDUSTRIAS MANUFACTURERAS.,MANABI,335
2022,2026-10-10,F,CONSTRUCCIÓN.,MANABI,105
2022,2026-06-06,P,ENSEÑANZA.,MANABI,42
2022,2026-12-12,Q,ACTIVIDADES DE ATENCIÓN DE LA SALUD HUMANA Y DE ASISTENCIA SOCIAL.,MANABI,57
2022,2026-10-10,M,"ACTIVIDADES PROFESIONALES, CIENTÍFICAS Y TÉCNICAS.",MANABI,283
2022,2026-06-06,S,OTRAS ACTIVIDADES DE SERVICIOS.,MANABI,116
2022,2026-11-11,A,"AGRICULTURA, GANADERÍA,  SILVICULTURA Y PESCA.",MANABI,393
2022,2026-11-11,S,OTRAS ACTIVIDADES DE SERVICIOS.,MANABI,173
2022,2026-08-08,I,ACTIVIDADES DE ALOJAMIENTO Y DE SERVICIO DE COMIDAS.,MANABI,69
2022,2026-05-05,J,INFORMACIÓN Y COMUNICACIÓN.,MANABI,12
2022,2026-04-04,E,"DISTRIBUCIÓN DE AGUA; ALCANTARILLADO, GESTIÓN DE DESECHOS Y ACTIVIDADES DE SANEAMIENTO.",MANABI,4
2022,2026-04-04,L,ACTIVIDADES INMOBILIARIAS.,MANABI,58
2022,2026-09-09,H,TRANSPORTE Y ALMACENAMIENTO.,MANABI,37
2022,2026-11-11,P,ENSEÑANZA.,MANABI,52
2022,2026-01-01,N,ACTIVIDADES DE SERVICIOS ADMINISTRATIVOS Y DE APOYO.,MANABI,59
2022,2026-12-12,R,"ARTES, ENTRETENIMIENTO Y RECREACIÓN.",MANABI,32
2022,2026-09-09,J,INFORMACIÓN Y COMUNICACIÓN.,MANABI,7
2022,2026-07-07,V,SIN ACTIVIDAD ECONOMICA - CIIU,MANABI,10
2022,2026-10-10,J,INFORMACIÓN Y COMUNICACIÓN.,MANABI,25
2022,2026-08-08,Q,ACTIVIDADES DE ATENCIÓN DE LA SALUD HUMANA Y DE ASISTENCIA SOCIAL.,MANABI,52
2022,2026-05-05,A,"AGRICULTURA, GANADERÍA,  SILVICULTURA Y PESCA.",MANABI,238
2022,2026-02-02,S,OTRAS ACTIVIDADES DE SERVICIOS.,MANABI,101
2022,2026-09-09,S,OTRAS ACTIVIDADES DE SERVICIOS.,MANABI,93
2022,2026-01-01,P,ENSEÑANZA.,MANABI,90
2022,2026-12-12,P,ENSEÑANZA.,MANABI,55
2022,2026-02-02,J,INFORMACIÓN Y COMUNICACIÓN.,MANABI,6
2022,2026-07-07,T,ACTIVIDADES DE LOS HOGARES COMO EMPLEADORES; ACTIVIDADES NO DIFERENCIADAS DE LOS HOGARES COMO PRODUCTORES DE BIENES Y SERVICIOS PARA USO PROPIO.,MANABI,11
2022,2026-04-04,O,ADMINISTRACIÓN PÚBLICA Y DEFENSA; PLANES DE SEGURIDAD SOCIAL DE AFILIACIÓN OBLIGATORIA.,MANABI,3
2022,2026-04-04,V,SIN ACTIVIDAD ECONOMICA - CIIU,MANABI,5
2022,2026-11-11,K,ACTIVIDADES FINANCIERAS Y DE SEGUROS.,MANABI,3
2022,2026-06-06,D,"SUMINISTRO DE ELECTRICIDAD, GAS, VAPOR Y AIRE ACONDICIONADO.",MANABI,2
2022,2026-09-09,G,COMERCIO AL POR MAYOR Y AL POR MENOR; REPARACIÓN DE VEHÍCULOS AUTOMOTORES Y MOTOCICLETAS.,MANABI,338
2022,2026-01-01,S,OTRAS ACTIVIDADES DE SERVICIOS.,MANABI,271
2022,2026-02-02,G,COMERCIO AL POR MAYOR Y AL POR MENOR; REPARACIÓN DE VEHÍCULOS AUTOMOTORES Y MOTOCICLETAS.,MANABI,356
2022,2026-03-03,A,"AGRICULTURA, GANADERÍA,  SILVICULTURA Y PESCA.",MANABI,719
2022,2026-05-05,S,OTRAS ACTIVIDADES DE SERVICIOS.,MANABI,131
2022,2026-01-01,H,TRANSPORTE Y ALMACENAMIENTO.,MANABI,105
2022,2026-09-09,R,"ARTES, ENTRETENIMIENTO Y RECREACIÓN.",MANABI,17
2022,2026-09-09,A,"AGRICULTURA, GANADERÍA,  SILVICULTURA Y PESCA.",MANABI,155
2022,2026-03-03,T,ACTIVIDADES DE LOS HOGARES COMO EMPLEADORES; ACTIVIDADES NO DIFERENCIADAS DE LOS HOGARES COMO PRODUCTORES DE BIENES Y SERVICIOS PARA USO PROPIO.,MANABI,48
2022,2026-07-07,L,ACTIVIDADES INMOBILIARIAS.,MANABI,52
2022,2026-06-06,R,"ARTES, ENTRETENIMIENTO Y RECREACIÓN.",MANABI,20
2022,2026-08-08,J,INFORMACIÓN Y COMUNICACIÓN.,MANABI,7
2022,2026-12-12,I,ACTIVIDADES DE ALOJAMIENTO Y DE SERVICIO DE COMIDAS.,MANABI,87
2022,2026-03-03,S,OTRAS ACTIVIDADES DE SERVICIOS.,MANABI,375
2022,2026-08-08,M,"ACTIVIDADES PROFESIONALES, CIENTÍFICAS Y TÉCNICAS.",MANABI,170
2022,2026-04-04,X,BAJO RELACION DE DEPENDENCIA SECTOR PUBLICO,MANABI,4
2022,2026-08-08,F,CONSTRUCCIÓN.,MANABI,48
2022,2026-07-07,D,"SUMINISTRO DE ELECTRICIDAD, GAS, VAPOR Y AIRE ACONDICIONADO.",MANABI,2
2022,2026-01-01,V,SIN ACTIVIDAD ECONOMICA - CIIU,MANABI,7
2022,2026-06-06,L,ACTIVIDADES INMOBILIARIAS.,MANABI,32
2022,2026-09-09,E,"DISTRIBUCIÓN DE AGUA; ALCANTARILLADO, GESTIÓN DE DESECHOS Y ACTIVIDADES DE SANEAMIENTO.",MANABI,2
2022,2026-05-05,H,TRANSPORTE Y ALMACENAMIENTO.,MANABI,71
2022,2026-03-03,J,INFORMACIÓN Y COMUNICACIÓN.,MANABI,34
2022,2026-02-02,C,INDUSTRIAS MANUFACTURERAS.,MANABI,75
2022,2026-03-03,G,COMERCIO AL POR MAYOR Y AL POR MENOR; REPARACIÓN DE VEHÍCULOS AUTOMOTORES Y MOTOCICLETAS.,MANABI,1608
2022,2026-02-02,F,CONSTRUCCIÓN.,MANABI,39
2022,2026-10-10,T,ACTIVIDADES DE LOS HOGARES COMO EMPLEADORES; ACTIVIDADES NO DIFERENCIADAS DE LOS HOGARES COMO PRODUCTORES DE BIENES Y SERVICIOS PARA USO PROPIO.,MANABI,31
2022,2026-09-09,L,ACTIVIDADES INMOBILIARIAS.,MANABI,27
2022,2026-12-12,C,INDUSTRIAS MANUFACTURERAS.,MANABI,112
2022,2026-02-02,I,ACTIVIDADES DE ALOJAMIENTO Y DE SERVICIO DE COMIDAS.,MANABI,59
2022,2026-01-01,O,ADMINISTRACIÓN PÚBLICA Y DEFENSA; PLANES DE SEGURIDAD SOCIAL DE AFILIACIÓN OBLIGATORIA.,MANABI,2
2022,2026-03-03,D,"SUMINISTRO DE ELECTRICIDAD, GAS, VAPOR Y AIRE ACONDICIONADO.",MANABI,3
2022,2026-11-11,W,BAJO RELACION DE DEPENDENCIA SECTOR PRIVADO,MANABI,2
2022,2026-08-08,G,COMERCIO AL POR MAYOR Y AL POR MENOR; REPARACIÓN DE VEHÍCULOS AUTOMOTORES Y MOTOCICLETAS.,MANABI,538
2022,2026-04-04,A,"AGRICULTURA, GANADERÍA,  SILVICULTURA Y PESCA.",MANABI,356
2022,2026-04-04,C,INDUSTRIAS MANUFACTURERAS.,MANABI,152
2022,2026-07-07,Q,ACTIVIDADES DE ATENCIÓN DE LA SALUD HUMANA Y DE ASISTENCIA SOCIAL.,MANABI,72
2022,2026-11-11,J,INFORMACIÓN Y COMUNICACIÓN.,MANABI,11
2022,2026-07-07,C,INDUSTRIAS MANUFACTURERAS.,MANABI,112
2022,2026-10-10,I,ACTIVIDADES DE ALOJAMIENTO Y DE SERVICIO DE COMIDAS.,MANABI,231
2022,2026-12-12,M,"ACTIVIDADES PROFESIONALES, CIENTÍFICAS Y TÉCNICAS.",MANABI,185
2022,2026-12-12,N,ACTIVIDADES DE SERVICIOS ADMINISTRATIVOS Y DE APOYO.,MANABI,26
2022,2026-08-08,P,ENSEÑANZA.,MANABI,67
2022,2026-08-08,R,"ARTES, ENTRETENIMIENTO Y RECREACIÓN.",MANABI,34
2022,2026-10-10,K,ACTIVIDADES FINANCIERAS Y DE SEGUROS.,MANABI,4
2022,2026-03-03,W,BAJO RELACION DE DEPENDENCIA SECTOR PRIVADO,MANABI,2
2022,2026-04-04,I,ACTIVIDADES DE ALOJAMIENTO Y DE SERVICIO DE COMIDAS.,MANABI,119
2022,2026-07-07,F,CONSTRUCCIÓN.,MANABI,68
2022,2026-12-12,S,OTRAS ACTIVIDADES DE SERVICIOS.,MANABI,206
2022,2026-08-08,S,OTRAS ACTIVIDADES DE SERVICIOS.,MANABI,107
2022,2026-04-04,T,ACTIVIDADES DE LOS HOGARES COMO EMPLEADORES; ACTIVIDADES NO DIFERENCIADAS DE LOS HOGARES COMO PRODUCTORES DE BIENES Y SERVICIOS PARA USO PROPIO.,MANABI,19
2022,2026-10-10,N,ACTIVIDADES DE SERVICIOS ADMINISTRATIVOS Y DE APOYO.,MANABI,95
2022,2026-10-10,Q,ACTIVIDADES DE ATENCIÓN DE LA SALUD HUMANA Y DE ASISTENCIA SOCIAL.,MANABI,95
2022,2026-06-06,H,TRANSPORTE Y ALMACENAMIENTO.,MANABI,57
2022,2026-02-02,T,ACTIVIDADES DE LOS HOGARES COMO EMPLEADORES; ACTIVIDADES NO DIFERENCIADAS DE LOS HOGARES COMO PRODUCTORES DE BIENES Y SERVICIOS PARA USO PROPIO.,MANABI,11
2022,2026-09-09,T,ACTIVIDADES DE LOS HOGARES COMO EMPLEADORES; ACTIVIDADES NO DIFERENCIADAS DE LOS HOGARES COMO PRODUCTORES DE BIENES Y SERVICIOS PARA USO PROPIO.,MANABI,7
2022,2026-06-06,N,ACTIVIDADES DE SERVICIOS ADMINISTRATIVOS Y DE APOYO.,MANABI,28
2022,2026-02-02,N,ACTIVIDADES DE SERVICIOS ADMINISTRATIVOS Y DE APOYO.,MANABI,24
2022,2026-05-05,W,BAJO RELACION DE DEPENDENCIA SECTOR PRIVADO,MANABI,2
2022,2026-04-04,G,COMERCIO AL POR MAYOR Y AL POR MENOR; REPARACIÓN DE VEHÍCULOS AUTOMOTORES Y MOTOCICLETAS.,MANABI,696
2022,2026-04-04,M,"ACTIVIDADES PROFESIONALES, CIENTÍFICAS Y TÉCNICAS.",MANABI,209
2022,2026-05-05,N,ACTIVIDADES DE SERVICIOS ADMINISTRATIVOS Y DE APOYO.,MANABI,18
2022,2026-01-01,C,INDUSTRIAS MANUFACTURERAS.,MANABI,174
2022,2026-10-10,S,OTRAS ACTIVIDADES DE SERVICIOS.,MANABI,339
2022,2026-03-03,L,ACTIVIDADES INMOBILIARIAS.,MANABI,136
2022,2026-01-01,Q,ACTIVIDADES DE ATENCIÓN DE LA SALUD HUMANA Y DE ASISTENCIA SOCIAL.,MANABI,64
2022,2026-09-09,I,ACTIVIDADES DE ALOJAMIENTO Y DE SERVICIO DE COMIDAS.,MANABI,41
2022,2026-03-03,I,ACTIVIDADES DE ALOJAMIENTO Y DE SERVICIO DE COMIDAS.,MANABI,260
2022,2026-06-06,I,ACTIVIDADES DE ALOJAMIENTO Y DE SERVICIO DE COMIDAS.,MANABI,69
2022,2026-05-05,V,SIN ACTIVIDAD ECONOMICA - CIIU,MANABI,9
2022,2026-03-03,H,TRANSPORTE Y ALMACENAMIENTO.,MANABI,351
2022,2026-07-07,M,"ACTIVIDADES PROFESIONALES, CIENTÍFICAS Y TÉCNICAS.",MANABI,183
2022,2026-11-11,T,ACTIVIDADES DE LOS HOGARES COMO EMPLEADORES; ACTIVIDADES NO DIFERENCIADAS DE LOS HOGARES COMO PRODUCTORES DE BIENES Y SERVICIOS PARA USO PROPIO.,MANABI,8
2022,2026-10-10,D,"SUMINISTRO DE ELECTRICIDAD, GAS, VAPOR Y AIRE ACONDICIONADO.",MANABI,3
2022,2026-03-03,K,ACTIVIDADES FINANCIERAS Y DE SEGUROS.,MANABI,4
2022,2026-07-07,R,"ARTES, ENTRETENIMIENTO Y RECREACIÓN.",MANABI,17
2022,2026-12-12,A,"AGRICULTURA, GANADERÍA,  SILVICULTURA Y PESCA.",MANABI,346
2022,2026-09-09,M,"ACTIVIDADES PROFESIONALES, CIENTÍFICAS Y TÉCNICAS.",MANABI,113
2022,2026-01-01,F,CONSTRUCCIÓN.,MANABI,74
2022,2026-11-11,M,"ACTIVIDADES PROFESIONALES, CIENTÍFICAS Y TÉCNICAS.",MANABI,243
2022,2026-07-07,I,ACTIVIDADES DE ALOJAMIENTO Y DE SERVICIO DE COMIDAS.,MANABI,81
2022,2026-11-11,L,ACTIVIDADES INMOBILIARIAS.,MANABI,68
2022,2026-08-08,L,ACTIVIDADES INMOBILIARIAS.,MANABI,56
2022,2026-01-01,T,ACTIVIDADES DE LOS HOGARES COMO EMPLEADORES; ACTIVIDADES NO DIFERENCIADAS DE LOS HOGARES COMO PRODUCTORES DE BIENES Y SERVICIOS PARA USO PROPIO.,MANABI,20
2022,2026-05-05,Q,ACTIVIDADES DE ATENCIÓN DE LA SALUD HUMANA Y DE ASISTENCIA SOCIAL.,MANABI,91
2022,2026-05-05,F,CONSTRUCCIÓN.,MANABI,49
2022,2026-11-11,I,ACTIVIDADES DE ALOJAMIENTO Y DE SERVICIO DE COMIDAS.,MANABI,97
2022,2026-12-12,E,"DISTRIBUCIÓN DE AGUA; ALCANTARILLADO, GESTIÓN DE DESECHOS Y ACTIVIDADES DE SANEAMIENTO.",MANABI,2
2022,2026-06-06,C,INDUSTRIAS MANUFACTURERAS.,MANABI,77
2022,2026-03-03,O,ADMINISTRACIÓN PÚBLICA Y DEFENSA; PLANES DE SEGURIDAD SOCIAL DE AFILIACIÓN OBLIGATORIA.,MANABI,5
2022,2026-04-04,J,INFORMACIÓN Y COMUNICACIÓN.,MANABI,21
2022,2026-10-10,L,ACTIVIDADES INMOBILIARIAS.,MANABI,93
2022,2026-06-06,G,COMERCIO AL POR MAYOR Y AL POR MENOR; REPARACIÓN DE VEHÍCULOS AUTOMOTORES Y MOTOCICLETAS.,MANABI,431
2022,2026-04-04,S,OTRAS ACTIVIDADES DE SERVICIOS.,MANABI,165
2022,2026-07-07,P,ENSEÑANZA.,MANABI,71
2022,2026-11-11,H,TRANSPORTE Y ALMACENAMIENTO.,MANABI,89
2022,2026-08-08,C,INDUSTRIAS MANUFACTURERAS.,MANABI,94
2022,2026-10-10,H,TRANSPORTE Y ALMACENAMIENTO.,MANABI,140
2022,2026-10-10,V,SIN ACTIVIDAD ECONOMICA - CIIU,MANABI,44
2022,2026-11-11,C,INDUSTRIAS MANUFACTURERAS.,MANABI,123
2022,2026-10-10,C,INDUSTRIAS MANUFACTURERAS.,MANABI,273
2022,2026-10-10,P,ENSEÑANZA.,MANABI,68
2022,2026-06-06,M,"ACTIVIDADES PROFESIONALES, CIENTÍFICAS Y TÉCNICAS.",MANABI,125
2022,2026-04-04,N,ACTIVIDADES DE SERVICIOS ADMINISTRATIVOS Y DE APOYO.,MANABI,54
2022,2026-03-03,Q,ACTIVIDADES DE ATENCIÓN DE LA SALUD HUMANA Y DE ASISTENCIA SOCIAL.,MANABI,115
2022,2026-04-04,F,CONSTRUCCIÓN.,MANABI,92
2022,2026-11-11,N,ACTIVIDADES DE SERVICIOS ADMINISTRATIVOS Y DE APOYO.,MANABI,34
2022,2026-09-09,F,CONSTRUCCIÓN.,MANABI,25
2022,2026-06-06,T,ACTIVIDADES DE LOS HOGARES COMO EMPLEADORES; ACTIVIDADES NO DIFERENCIADAS DE LOS HOGARES COMO PRODUCTORES DE BIENES Y SERVICIOS PARA USO PROPIO.,MANABI,11
2022,2026-06-06,J,INFORMACIÓN Y COMUNICACIÓN.,MANABI,8
2022,2026-03-03,E,"DISTRIBUCIÓN DE AGUA; ALCANTARILLADO, GESTIÓN DE DESECHOS Y ACTIVIDADES DE SANEAMIENTO.",MANABI,6
2022,2026-07-07,A,"AGRICULTURA, GANADERÍA,  SILVICULTURA Y PESCA.",MANABI,447
2022,2026-03-03,P,ENSEÑANZA.,MANABI,147
2022,2026-05-05,C,INDUSTRIAS MANUFACTURERAS.,MANABI,72
2022,2026-01-01,M,"ACTIVIDADES PROFESIONALES, CIENTÍFICAS Y TÉCNICAS.",MANABI,195
2022,2026-05-05,L,ACTIVIDADES INMOBILIARIAS.,MANABI,41
2022,2026-03-03,N,ACTIVIDADES DE SERVICIOS ADMINISTRATIVOS Y DE APOYO.,MANABI,112
2022,2026-12-12,J,INFORMACIÓN Y COMUNICACIÓN.,MANABI,14
2022,2026-11-11,F,CONSTRUCCIÓN.,MANABI,74
2022,2026-10-10,R,"ARTES, ENTRETENIMIENTO Y RECREACIÓN.",MANABI,67
2022,2026-12-12,F,CONSTRUCCIÓN.,MANABI,60
2022,2026-04-04,R,"ARTES, ENTRETENIMIENTO Y RECREACIÓN.",MANABI,35
2022,2026-02-02,P,ENSEÑANZA.,MANABI,22
2022,2026-01-01,E,"DISTRIBUCIÓN DE AGUA; ALCANTARILLADO, GESTIÓN DE DESECHOS Y ACTIVIDADES DE SANEAMIENTO.",MANABI,3
2022,2026-07-07,J,INFORMACIÓN Y COMUNICACIÓN.,MANABI,7
2023,2026-01-01,A,"AGRICULTURA, GANADERÍA,  SILVICULTURA Y PESCA.",MANABI,4569
2023,2026-05-05,P,ENSEÑANZA.,MANABI,55
2023,2026-05-05,H,TRANSPORTE Y ALMACENAMIENTO.,MANABI,99
2023,2026-05-05,M,"ACTIVIDADES PROFESIONALES, CIENTÍFICAS Y TÉCNICAS.",MANABI,215
2023,2026-02-02,M,"ACTIVIDADES PROFESIONALES, CIENTÍFICAS Y TÉCNICAS.",MANABI,144
2023,2026-11-11,A,"AGRICULTURA, GANADERÍA,  SILVICULTURA Y PESCA.",MANABI,385
2023,2026-07-07,Q,ACTIVIDADES DE ATENCIÓN DE LA SALUD HUMANA Y DE ASISTENCIA SOCIAL.,MANABI,139
2023,2026-10-10,P,ENSEÑANZA.,MANABI,59
2023,2026-12-12,A,"AGRICULTURA, GANADERÍA,  SILVICULTURA Y PESCA.",MANABI,470
2023,2026-03-03,G,COMERCIO AL POR MAYOR Y AL POR MENOR; REPARACIÓN DE VEHÍCULOS AUTOMOTORES Y MOTOCICLETAS.,MANABI,918
2023,2026-12-12,M,"ACTIVIDADES PROFESIONALES, CIENTÍFICAS Y TÉCNICAS.",MANABI,177
2023,2026-08-08,R,"ARTES, ENTRETENIMIENTO Y RECREACIÓN.",MANABI,22
2023,2026-10-10,I,ACTIVIDADES DE ALOJAMIENTO Y DE SERVICIO DE COMIDAS.,MANABI,53
2023,2026-10-10,C,INDUSTRIAS MANUFACTURERAS.,MANABI,64
2023,2026-01-01,N,ACTIVIDADES DE SERVICIOS ADMINISTRATIVOS Y DE APOYO.,MANABI,43
2023,2026-04-04,N,ACTIVIDADES DE SERVICIOS ADMINISTRATIVOS Y DE APOYO.,MANABI,62
2023,2026-06-06,H,TRANSPORTE Y ALMACENAMIENTO.,MANABI,28
2023,2026-08-08,F,CONSTRUCCIÓN.,MANABI,80
2023,2026-04-04,R,"ARTES, ENTRETENIMIENTO Y RECREACIÓN.",MANABI,44
2023,2026-06-06,P,ENSEÑANZA.,MANABI,52
2023,2026-09-09,Q,ACTIVIDADES DE ATENCIÓN DE LA SALUD HUMANA Y DE ASISTENCIA SOCIAL.,MANABI,51
2023,2026-06-06,Q,ACTIVIDADES DE ATENCIÓN DE LA SALUD HUMANA Y DE ASISTENCIA SOCIAL.,MANABI,45
2023,2026-01-01,J,INFORMACIÓN Y COMUNICACIÓN.,MANABI,15
2023,2026-10-10,O,ADMINISTRACIÓN PÚBLICA Y DEFENSA; PLANES DE SEGURIDAD SOCIAL DE AFILIACIÓN OBLIGATORIA.,MANABI,3
2023,2026-07-07,P,ENSEÑANZA.,MANABI,103
2023,2026-10-10,E,"DISTRIBUCIÓN DE AGUA; ALCANTARILLADO, GESTIÓN DE DESECHOS Y ACTIVIDADES DE SANEAMIENTO.",MANABI,2
2023,2026-02-02,R,"ARTES, ENTRETENIMIENTO Y RECREACIÓN.",MANABI,12
2023,2026-05-05,I,ACTIVIDADES DE ALOJAMIENTO Y DE SERVICIO DE COMIDAS.,MANABI,79
2023,2026-10-10,Q,ACTIVIDADES DE ATENCIÓN DE LA SALUD HUMANA Y DE ASISTENCIA SOCIAL.,MANABI,45
2023,2026-08-08,E,"DISTRIBUCIÓN DE AGUA; ALCANTARILLADO, GESTIÓN DE DESECHOS Y ACTIVIDADES DE SANEAMIENTO.",MANABI,3
2023,2026-12-12,V,SIN ACTIVIDAD ECONOMICA - CIIU,MANABI,6
2023,2026-04-04,O,ADMINISTRACIÓN PÚBLICA Y DEFENSA; PLANES DE SEGURIDAD SOCIAL DE AFILIACIÓN OBLIGATORIA.,MANABI,2
2023,2026-08-08,A,"AGRICULTURA, GANADERÍA,  SILVICULTURA Y PESCA.",MANABI,590
2023,2026-10-10,G,COMERCIO AL POR MAYOR Y AL POR MENOR; REPARACIÓN DE VEHÍCULOS AUTOMOTORES Y MOTOCICLETAS.,MANABI,512
2023,2026-10-10,A,"AGRICULTURA, GANADERÍA,  SILVICULTURA Y PESCA.",MANABI,427
2023,2026-02-02,A,"AGRICULTURA, GANADERÍA,  SILVICULTURA Y PESCA.",MANABI,149
2023,2026-06-06,M,"ACTIVIDADES PROFESIONALES, CIENTÍFICAS Y TÉCNICAS.",MANABI,137
2023,2026-04-04,H,TRANSPORTE Y ALMACENAMIENTO.,MANABI,269
2023,2026-07-07,C,INDUSTRIAS MANUFACTURERAS.,MANABI,117
2023,2026-01-01,C,INDUSTRIAS MANUFACTURERAS.,MANABI,176
2023,2026-07-07,A,"AGRICULTURA, GANADERÍA,  SILVICULTURA Y PESCA.",MANABI,934
2023,2026-01-01,R,"ARTES, ENTRETENIMIENTO Y RECREACIÓN.",MANABI,44
2023,2026-12-12,G,COMERCIO AL POR MAYOR Y AL POR MENOR; REPARACIÓN DE VEHÍCULOS AUTOMOTORES Y MOTOCICLETAS.,MANABI,593
2023,2026-01-01,I,ACTIVIDADES DE ALOJAMIENTO Y DE SERVICIO DE COMIDAS.,MANABI,96
2023,2026-11-11,I,ACTIVIDADES DE ALOJAMIENTO Y DE SERVICIO DE COMIDAS.,MANABI,68
2023,2026-04-04,B,EXPLOTACIÓN DE MINAS Y CANTERAS.,MANABI,4
2023,2026-06-06,A,"AGRICULTURA, GANADERÍA,  SILVICULTURA Y PESCA.",MANABI,149
2023,2026-06-06,L,ACTIVIDADES INMOBILIARIAS.,MANABI,37
2023,2026-02-02,F,CONSTRUCCIÓN.,MANABI,25
2023,2026-02-02,J,INFORMACIÓN Y COMUNICACIÓN.,MANABI,4
2023,2026-03-03,F,CONSTRUCCIÓN.,MANABI,52
2023,2026-07-07,I,ACTIVIDADES DE ALOJAMIENTO Y DE SERVICIO DE COMIDAS.,MANABI,88
2023,2026-01-01,L,ACTIVIDADES INMOBILIARIAS.,MANABI,104
2023,2026-10-10,L,ACTIVIDADES INMOBILIARIAS.,MANABI,41
2023,2026-08-08,Q,ACTIVIDADES DE ATENCIÓN DE LA SALUD HUMANA Y DE ASISTENCIA SOCIAL.,MANABI,89
2023,2026-11-11,V,SIN ACTIVIDAD ECONOMICA - CIIU,MANABI,5
2023,2026-05-05,T,ACTIVIDADES DE LOS HOGARES COMO EMPLEADORES; ACTIVIDADES NO DIFERENCIADAS DE LOS HOGARES COMO PRODUCTORES DE BIENES Y SERVICIOS PARA USO PROPIO.,MANABI,17
2023,2026-05-05,B,EXPLOTACIÓN DE MINAS Y CANTERAS.,MANABI,2
2023,2026-08-08,D,"SUMINISTRO DE ELECTRICIDAD, GAS, VAPOR Y AIRE ACONDICIONADO.",MANABI,2
2023,2026-04-04,A,"AGRICULTURA, GANADERÍA,  SILVICULTURA Y PESCA.",MANABI,1912
2023,2026-12-12,L,ACTIVIDADES INMOBILIARIAS.,MANABI,39
2023,2026-09-09,X,BAJO RELACION DE DEPENDENCIA SECTOR PUBLICO,MANABI,5
2023,2026-01-01,X,BAJO RELACION DE DEPENDENCIA SECTOR PUBLICO,MANABI,4
2023,2026-01-01,E,"DISTRIBUCIÓN DE AGUA; ALCANTARILLADO, GESTIÓN DE DESECHOS Y ACTIVIDADES DE SANEAMIENTO.",MANABI,3
2023,2026-07-07,N,ACTIVIDADES DE SERVICIOS ADMINISTRATIVOS Y DE APOYO.,MANABI,59
2023,2026-07-07,G,COMERCIO AL POR MAYOR Y AL POR MENOR; REPARACIÓN DE VEHÍCULOS AUTOMOTORES Y MOTOCICLETAS.,MANABI,786
2023,2026-08-08,G,COMERCIO AL POR MAYOR Y AL POR MENOR; REPARACIÓN DE VEHÍCULOS AUTOMOTORES Y MOTOCICLETAS.,MANABI,621
2023,2026-10-10,M,"ACTIVIDADES PROFESIONALES, CIENTÍFICAS Y TÉCNICAS.",MANABI,152
2023,2026-05-05,G,COMERCIO AL POR MAYOR Y AL POR MENOR; REPARACIÓN DE VEHÍCULOS AUTOMOTORES Y MOTOCICLETAS.,MANABI,643
2023,2026-04-04,V,SIN ACTIVIDAD ECONOMICA - CIIU,MANABI,16
2023,2026-06-06,I,ACTIVIDADES DE ALOJAMIENTO Y DE SERVICIO DE COMIDAS.,MANABI,59
2023,2026-09-09,A,"AGRICULTURA, GANADERÍA,  SILVICULTURA Y PESCA.",MANABI,411
2023,2026-10-10,R,"ARTES, ENTRETENIMIENTO Y RECREACIÓN.",MANABI,18
2023,2026-03-03,A,"AGRICULTURA, GANADERÍA,  SILVICULTURA Y PESCA.",MANABI,208
2023,2026-07-07,M,"ACTIVIDADES PROFESIONALES, CIENTÍFICAS Y TÉCNICAS.",MANABI,334
2023,2026-11-11,S,OTRAS ACTIVIDADES DE SERVICIOS.,MANABI,166
2023,2026-09-09,I,ACTIVIDADES DE ALOJAMIENTO Y DE SERVICIO DE COMIDAS.,MANABI,73
2023,2026-11-11,C,INDUSTRIAS MANUFACTURERAS.,MANABI,69
2023,2026-03-03,J,INFORMACIÓN Y COMUNICACIÓN.,MANABI,15
2023,2026-08-08,S,OTRAS ACTIVIDADES DE SERVICIOS.,MANABI,178
2023,2026-01-01,O,ADMINISTRACIÓN PÚBLICA Y DEFENSA; PLANES DE SEGURIDAD SOCIAL DE AFILIACIÓN OBLIGATORIA.,MANABI,5
2023,2026-01-01,W,BAJO RELACION DE DEPENDENCIA SECTOR PRIVADO,MANABI,2
2023,2026-05-05,X,BAJO RELACION DE DEPENDENCIA SECTOR PUBLICO,MANABI,3
2023,2026-04-04,K,ACTIVIDADES FINANCIERAS Y DE SEGUROS.,MANABI,3
2023,2026-04-04,I,ACTIVIDADES DE ALOJAMIENTO Y DE SERVICIO DE COMIDAS.,MANABI,99
2023,2026-12-12,H,TRANSPORTE Y ALMACENAMIENTO.,MANABI,114
2023,2026-11-11,O,ADMINISTRACIÓN PÚBLICA Y DEFENSA; PLANES DE SEGURIDAD SOCIAL DE AFILIACIÓN OBLIGATORIA.,MANABI,3
2023,2026-04-04,W,BAJO RELACION DE DEPENDENCIA SECTOR PRIVADO,MANABI,3
2023,2026-10-10,S,OTRAS ACTIVIDADES DE SERVICIOS.,MANABI,194
2023,2026-02-02,I,ACTIVIDADES DE ALOJAMIENTO Y DE SERVICIO DE COMIDAS.,MANABI,46
2023,2026-04-04,C,INDUSTRIAS MANUFACTURERAS.,MANABI,133
2023,2026-11-11,M,"ACTIVIDADES PROFESIONALES, CIENTÍFICAS Y TÉCNICAS.",MANABI,157
2023,2026-12-12,P,ENSEÑANZA.,MANABI,62
2023,2026-09-09,R,"ARTES, ENTRETENIMIENTO Y RECREACIÓN.",MANABI,19
2023,2026-05-05,C,INDUSTRIAS MANUFACTURERAS.,MANABI,99
2023,2026-01-01,Q,ACTIVIDADES DE ATENCIÓN DE LA SALUD HUMANA Y DE ASISTENCIA SOCIAL.,MANABI,154
2023,2026-08-08,M,"ACTIVIDADES PROFESIONALES, CIENTÍFICAS Y TÉCNICAS.",MANABI,235
2023,2026-06-06,N,ACTIVIDADES DE SERVICIOS ADMINISTRATIVOS Y DE APOYO.,MANABI,36
2023,2026-11-11,P,ENSEÑANZA.,MANABI,48
2023,2026-06-06,R,"ARTES, ENTRETENIMIENTO Y RECREACIÓN.",MANABI,12
2023,2026-03-03,N,ACTIVIDADES DE SERVICIOS ADMINISTRATIVOS Y DE APOYO.,MANABI,51
2023,2026-12-12,N,ACTIVIDADES DE SERVICIOS ADMINISTRATIVOS Y DE APOYO.,MANABI,31
2023,2026-01-01,F,CONSTRUCCIÓN.,MANABI,302
2023,2026-02-02,S,OTRAS ACTIVIDADES DE SERVICIOS.,MANABI,231
2023,2026-07-07,T,ACTIVIDADES DE LOS HOGARES COMO EMPLEADORES; ACTIVIDADES NO DIFERENCIADAS DE LOS HOGARES COMO PRODUCTORES DE BIENES Y SERVICIOS PARA USO PROPIO.,MANABI,19
2023,2026-03-03,T,ACTIVIDADES DE LOS HOGARES COMO EMPLEADORES; ACTIVIDADES NO DIFERENCIADAS DE LOS HOGARES COMO PRODUCTORES DE BIENES Y SERVICIOS PARA USO PROPIO.,MANABI,23
2023,2026-04-04,L,ACTIVIDADES INMOBILIARIAS.,MANABI,108
2023,2026-09-09,F,CONSTRUCCIÓN.,MANABI,50
2023,2026-07-07,S,OTRAS ACTIVIDADES DE SERVICIOS.,MANABI,215
2023,2026-06-06,W,BAJO RELACION DE DEPENDENCIA SECTOR PRIVADO,MANABI,3
2023,2026-12-12,X,BAJO RELACION DE DEPENDENCIA SECTOR PUBLICO,MANABI,3
2023,2026-11-11,R,"ARTES, ENTRETENIMIENTO Y RECREACIÓN.",MANABI,24
2023,2026-10-10,J,INFORMACIÓN Y COMUNICACIÓN.,MANABI,8
2023,2026-07-07,J,INFORMACIÓN Y COMUNICACIÓN.,MANABI,13
2023,2026-04-04,T,ACTIVIDADES DE LOS HOGARES COMO EMPLEADORES; ACTIVIDADES NO DIFERENCIADAS DE LOS HOGARES COMO PRODUCTORES DE BIENES Y SERVICIOS PARA USO PROPIO.,MANABI,20
2023,2026-12-12,I,ACTIVIDADES DE ALOJAMIENTO Y DE SERVICIO DE COMIDAS.,MANABI,72
2023,2026-01-01,V,SIN ACTIVIDAD ECONOMICA - CIIU,MANABI,5
2023,2026-05-05,O,ADMINISTRACIÓN PÚBLICA Y DEFENSA; PLANES DE SEGURIDAD SOCIAL DE AFILIACIÓN OBLIGATORIA.,MANABI,2
2023,2026-07-07,V,SIN ACTIVIDAD ECONOMICA - CIIU,MANABI,15
2023,2026-10-10,T,ACTIVIDADES DE LOS HOGARES COMO EMPLEADORES; ACTIVIDADES NO DIFERENCIADAS DE LOS HOGARES COMO PRODUCTORES DE BIENES Y SERVICIOS PARA USO PROPIO.,MANABI,8
2023,2026-09-09,T,ACTIVIDADES DE LOS HOGARES COMO EMPLEADORES; ACTIVIDADES NO DIFERENCIADAS DE LOS HOGARES COMO PRODUCTORES DE BIENES Y SERVICIOS PARA USO PROPIO.,MANABI,8
2023,2026-09-09,N,ACTIVIDADES DE SERVICIOS ADMINISTRATIVOS Y DE APOYO.,MANABI,23
2023,2026-07-07,R,"ARTES, ENTRETENIMIENTO Y RECREACIÓN.",MANABI,28
2023,2026-02-02,Q,ACTIVIDADES DE ATENCIÓN DE LA SALUD HUMANA Y DE ASISTENCIA SOCIAL.,MANABI,40
2023,2026-12-12,C,INDUSTRIAS MANUFACTURERAS.,MANABI,106
2023,2026-06-06,S,OTRAS ACTIVIDADES DE SERVICIOS.,MANABI,288
2023,2026-04-04,J,INFORMACIÓN Y COMUNICACIÓN.,MANABI,14
2023,2026-08-08,H,TRANSPORTE Y ALMACENAMIENTO.,MANABI,110
2023,2026-04-04,X,BAJO RELACION DE DEPENDENCIA SECTOR PUBLICO,MANABI,6
2023,2026-03-03,O,ADMINISTRACIÓN PÚBLICA Y DEFENSA; PLANES DE SEGURIDAD SOCIAL DE AFILIACIÓN OBLIGATORIA.,MANABI,2
2023,2026-04-04,M,"ACTIVIDADES PROFESIONALES, CIENTÍFICAS Y TÉCNICAS.",MANABI,390
2023,2026-07-07,F,CONSTRUCCIÓN.,MANABI,92
2023,2026-09-09,G,COMERCIO AL POR MAYOR Y AL POR MENOR; REPARACIÓN DE VEHÍCULOS AUTOMOTORES Y MOTOCICLETAS.,MANABI,482
2023,2026-03-03,M,"ACTIVIDADES PROFESIONALES, CIENTÍFICAS Y TÉCNICAS.",MANABI,308
2023,2026-03-03,Q,ACTIVIDADES DE ATENCIÓN DE LA SALUD HUMANA Y DE ASISTENCIA SOCIAL.,MANABI,71
2023,2026-01-01,M,"ACTIVIDADES PROFESIONALES, CIENTÍFICAS Y TÉCNICAS.",MANABI,349
2023,2026-03-03,H,TRANSPORTE Y ALMACENAMIENTO.,MANABI,49
2023,2026-02-02,H,TRANSPORTE Y ALMACENAMIENTO.,MANABI,35
2023,2026-03-03,S,OTRAS ACTIVIDADES DE SERVICIOS.,MANABI,673
2023,2026-05-05,F,CONSTRUCCIÓN.,MANABI,77
2023,2026-11-11,L,ACTIVIDADES INMOBILIARIAS.,MANABI,37
2023,2026-01-01,P,ENSEÑANZA.,MANABI,115
2023,2026-11-11,X,BAJO RELACION DE DEPENDENCIA SECTOR PUBLICO,MANABI,5
2023,2026-06-06,T,ACTIVIDADES DE LOS HOGARES COMO EMPLEADORES; ACTIVIDADES NO DIFERENCIADAS DE LOS HOGARES COMO PRODUCTORES DE BIENES Y SERVICIOS PARA USO PROPIO.,MANABI,8
2023,2026-08-08,J,INFORMACIÓN Y COMUNICACIÓN.,MANABI,5
2023,2026-09-09,C,INDUSTRIAS MANUFACTURERAS.,MANABI,95
2023,2026-04-04,F,CONSTRUCCIÓN.,MANABI,133
2023,2026-05-05,A,"AGRICULTURA, GANADERÍA,  SILVICULTURA Y PESCA.",MANABI,881
2023,2026-09-09,P,ENSEÑANZA.,MANABI,49
2023,2026-08-08,T,ACTIVIDADES DE LOS HOGARES COMO EMPLEADORES; ACTIVIDADES NO DIFERENCIADAS DE LOS HOGARES COMO PRODUCTORES DE BIENES Y SERVICIOS PARA USO PROPIO.,MANABI,12
2023,2026-10-10,V,SIN ACTIVIDAD ECONOMICA - CIIU,MANABI,4
2023,2026-03-03,L,ACTIVIDADES INMOBILIARIAS.,MANABI,42
2023,2026-08-08,C,INDUSTRIAS MANUFACTURERAS.,MANABI,95
2023,2026-12-12,S,OTRAS ACTIVIDADES DE SERVICIOS.,MANABI,259
2023,2026-08-08,L,ACTIVIDADES INMOBILIARIAS.,MANABI,59
2023,2026-03-03,P,ENSEÑANZA.,MANABI,117
2023,2026-08-08,V,SIN ACTIVIDAD ECONOMICA - CIIU,MANABI,6
2023,2026-02-02,N,ACTIVIDADES DE SERVICIOS ADMINISTRATIVOS Y DE APOYO.,MANABI,20
2023,2026-05-05,N,ACTIVIDADES DE SERVICIOS ADMINISTRATIVOS Y DE APOYO.,MANABI,47
2023,2026-11-11,F,CONSTRUCCIÓN.,MANABI,42
2023,2026-02-02,C,INDUSTRIAS MANUFACTURERAS.,MANABI,60
2023,2026-01-01,K,ACTIVIDADES FINANCIERAS Y DE SEGUROS.,MANABI,4
2023,2026-05-05,S,OTRAS ACTIVIDADES DE SERVICIOS.,MANABI,384
2023,2026-12-12,T,ACTIVIDADES DE LOS HOGARES COMO EMPLEADORES; ACTIVIDADES NO DIFERENCIADAS DE LOS HOGARES COMO PRODUCTORES DE BIENES Y SERVICIOS PARA USO PROPIO.,MANABI,17
2023,2026-09-09,J,INFORMACIÓN Y COMUNICACIÓN.,MANABI,10
2023,2026-11-11,H,TRANSPORTE Y ALMACENAMIENTO.,MANABI,79
2023,2026-07-07,H,TRANSPORTE Y ALMACENAMIENTO.,MANABI,150
2023,2026-04-04,G,COMERCIO AL POR MAYOR Y AL POR MENOR; REPARACIÓN DE VEHÍCULOS AUTOMOTORES Y MOTOCICLETAS.,MANABI,1079
2023,2026-04-04,S,OTRAS ACTIVIDADES DE SERVICIOS.,MANABI,461
2023,2026-12-12,R,"ARTES, ENTRETENIMIENTO Y RECREACIÓN.",MANABI,27
2023,2026-11-11,Q,ACTIVIDADES DE ATENCIÓN DE LA SALUD HUMANA Y DE ASISTENCIA SOCIAL.,MANABI,42
2023,2026-02-02,P,ENSEÑANZA.,MANABI,33
2023,2026-02-02,T,ACTIVIDADES DE LOS HOGARES COMO EMPLEADORES; ACTIVIDADES NO DIFERENCIADAS DE LOS HOGARES COMO PRODUCTORES DE BIENES Y SERVICIOS PARA USO PROPIO.,MANABI,8
2023,2026-01-01,H,TRANSPORTE Y ALMACENAMIENTO.,MANABI,416
2023,2026-05-05,R,"ARTES, ENTRETENIMIENTO Y RECREACIÓN.",MANABI,29
2023,2026-09-09,M,"ACTIVIDADES PROFESIONALES, CIENTÍFICAS Y TÉCNICAS.",MANABI,173
2023,2026-02-02,G,COMERCIO AL POR MAYOR Y AL POR MENOR; REPARACIÓN DE VEHÍCULOS AUTOMOTORES Y MOTOCICLETAS.,MANABI,332
2023,2026-06-06,F,CONSTRUCCIÓN.,MANABI,29
2023,2026-08-08,N,ACTIVIDADES DE SERVICIOS ADMINISTRATIVOS Y DE APOYO.,MANABI,41
2023,2026-03-03,C,INDUSTRIAS MANUFACTURERAS.,MANABI,172
2023,2026-03-03,R,"ARTES, ENTRETENIMIENTO Y RECREACIÓN.",MANABI,31
2023,2026-09-09,L,ACTIVIDADES INMOBILIARIAS.,MANABI,51
2023,2026-10-10,N,ACTIVIDADES DE SERVICIOS ADMINISTRATIVOS Y DE APOYO.,MANABI,25
2023,2026-09-09,S,OTRAS ACTIVIDADES DE SERVICIOS.,MANABI,181
2023,2026-11-11,N,ACTIVIDADES DE SERVICIOS ADMINISTRATIVOS Y DE APOYO.,MANABI,28
2023,2026-09-09,H,TRANSPORTE Y ALMACENAMIENTO.,MANABI,69
2023,2026-06-06,J,INFORMACIÓN Y COMUNICACIÓN.,MANABI,3
2023,2026-11-11,J,INFORMACIÓN Y COMUNICACIÓN.,MANABI,7
2023,2026-01-01,B,EXPLOTACIÓN DE MINAS Y CANTERAS.,MANABI,2
2023,2026-06-06,X,BAJO RELACION DE DEPENDENCIA SECTOR PUBLICO,MANABI,5
2023,2026-09-09,V,SIN ACTIVIDAD ECONOMICA - CIIU,MANABI,6
2023,2026-01-01,D,"SUMINISTRO DE ELECTRICIDAD, GAS, VAPOR Y AIRE ACONDICIONADO.",MANABI,2
2023,2026-12-12,F,CONSTRUCCIÓN.,MANABI,60
2023,2026-05-05,L,ACTIVIDADES INMOBILIARIAS.,MANABI,53
2023,2026-01-01,T,ACTIVIDADES DE LOS HOGARES COMO EMPLEADORES; ACTIVIDADES NO DIFERENCIADAS DE LOS HOGARES COMO PRODUCTORES DE BIENES Y SERVICIOS PARA USO PROPIO.,MANABI,16
2023,2026-07-07,L,ACTIVIDADES INMOBILIARIAS.,MANABI,82
2023,2026-04-04,E,"DISTRIBUCIÓN DE AGUA; ALCANTARILLADO, GESTIÓN DE DESECHOS Y ACTIVIDADES DE SANEAMIENTO.",MANABI,3
2023,2026-06-06,C,INDUSTRIAS MANUFACTURERAS.,MANABI,66
2023,2026-01-01,G,COMERCIO AL POR MAYOR Y AL POR MENOR; REPARACIÓN DE VEHÍCULOS AUTOMOTORES Y MOTOCICLETAS.,MANABI,755
2023,2026-05-05,Q,ACTIVIDADES DE ATENCIÓN DE LA SALUD HUMANA Y DE ASISTENCIA SOCIAL.,MANABI,58
2023,2026-06-06,G,COMERCIO AL POR MAYOR Y AL POR MENOR; REPARACIÓN DE VEHÍCULOS AUTOMOTORES Y MOTOCICLETAS.,MANABI,414
2023,2026-01-01,S,OTRAS ACTIVIDADES DE SERVICIOS.,MANABI,266
2023,2026-10-10,H,TRANSPORTE Y ALMACENAMIENTO.,MANABI,69
2023,2026-11-11,G,COMERCIO AL POR MAYOR Y AL POR MENOR; REPARACIÓN DE VEHÍCULOS AUTOMOTORES Y MOTOCICLETAS.,MANABI,489
2023,2026-08-08,I,ACTIVIDADES DE ALOJAMIENTO Y DE SERVICIO DE COMIDAS.,MANABI,75
2023,2026-07-07,D,"SUMINISTRO DE ELECTRICIDAD, GAS, VAPOR Y AIRE ACONDICIONADO.",MANABI,2
2023,2026-12-12,J,INFORMACIÓN Y COMUNICACIÓN.,MANABI,9
2023,2026-04-04,Q,ACTIVIDADES DE ATENCIÓN DE LA SALUD HUMANA Y DE ASISTENCIA SOCIAL.,MANABI,151
2023,2026-12-12,Q,ACTIVIDADES DE ATENCIÓN DE LA SALUD HUMANA Y DE ASISTENCIA SOCIAL.,MANABI,55
2023,2026-08-08,P,ENSEÑANZA.,MANABI,63
2023,2026-03-03,I,ACTIVIDADES DE ALOJAMIENTO Y DE SERVICIO DE COMIDAS.,MANABI,157
2023,2026-05-05,V,SIN ACTIVIDAD ECONOMICA - CIIU,MANABI,7
2023,2026-04-04,P,ENSEÑANZA.,MANABI,116
2023,2026-10-10,F,CONSTRUCCIÓN.,MANABI,36
2023,2026-02-02,L,ACTIVIDADES INMOBILIARIAS.,MANABI,29
2023,2026-05-05,J,INFORMACIÓN Y COMUNICACIÓN.,MANABI,13
2023,2026-11-11,T,ACTIVIDADES DE LOS HOGARES COMO EMPLEADORES; ACTIVIDADES NO DIFERENCIADAS DE LOS HOGARES COMO PRODUCTORES DE BIENES Y SERVICIOS PARA USO PROPIO.,MANABI,10
2023,2026-09-09,E,"DISTRIBUCIÓN DE AGUA; ALCANTARILLADO, GESTIÓN DE DESECHOS Y ACTIVIDADES DE SANEAMIENTO.",MANABI,2
