Anio,Fecha,Codigo_Familia,Actividad_Economica,Provincia,Total_Inscripciones
2022,2026-02-02,K,ACTIVIDADES FINANCIERAS Y DE SEGUROS.,MANABI,1
2022,2026-09-09,O,ADMINISTRACIÓN PÚBLICA Y DEFENSA; PLANES DE SEGURIDAD SOCIAL DE AFILIACIÓN OBLIGATORIA.,MANABI,1
2022,2026-09-09,B,EXPLOTACIÓN DE MINAS Y CANTERAS.,MANABI,1
2022,2026-02-02,D,"SUMINISTRO DE ELECTRICIDAD, GAS, VAPOR Y AIRE ACONDICIONADO.",MANABI,1
2022,2026-01-01,O,ADMINISTRACIÓN PÚBLICA Y DEFENSA; PLANES DE SEGURIDAD SOCIAL DE AFILIACIÓN OBLIGATORIA.,MANABI,1
2022,2026-07-07,E,"DISTRIBUCIÓN DE AGUA; ALCANTARILLADO, GESTIÓN DE DESECHOS Y ACTIVIDADES DE SANEAMIENTO.",MANABI,1
2022,2026-05-05,D,"SUMINISTRO DE ELECTRICIDAD, GAS, VAPOR Y AIRE ACONDICIONADO.",MANABI,1
2022,2026-05-05,E,"DISTRIBUCIÓN DE AGUA; ALCANTARILLADO, GESTIÓN DE DESECHOS Y ACTIVIDADES DE SANEAMIENTO.",MANABI,1
2022,2026-03-03,B,EXPLOTACIÓN DE MINAS Y CANTERAS.,MANABI,1
2022,2026-07-07,K,ACTIVIDADES FINANCIERAS Y DE SEGUROS.,MANABI,1
2022,2026-03-03,O,ADMINISTRACIÓN PÚBLICA Y DEFENSA; PLANES DE SEGURIDAD SOCIAL DE AFILIACIÓN OBLIGATORIA.,MANABI,1
2022,2026-12-12,E,"DISTRIBUCIÓN DE AGUA; ALCANTARILLADO, GESTIÓN DE DESECHOS Y ACTIVIDADES DE SANEAMIENTO.",MANABI,1
2022,2026-12-12,K,ACTIVIDADES FINANCIERAS Y DE SEGUROS.,MANABI,1
2022,2026-06-06,D,"SUMINISTRO DE ELECTRICIDAD, GAS, VAPOR Y AIRE ACONDICIONADO.",MANABI,1
2022,2026-04-04,O,ADMINISTRACIÓN PÚBLICA Y DEFENSA; PLANES DE SEGURIDAD SOCIAL DE AFILIACIÓN OBLIGATORIA.,MANABI,1
2022,2026-03-03,E,"DISTRIBUCIÓN DE AGUA; ALCANTARILLADO, GESTIÓN DE DESECHOS Y ACTIVIDADES DE SANEAMIENTO.",MANABI,1
2022,2026-09-09,D,"SUMINISTRO DE ELECTRICIDAD, GAS, VAPOR Y AIRE ACONDICIONADO.",MANABI,1
2023,2026-10-10,O,ADMINISTRACIÓN PÚBLICA Y DEFENSA; PLANES DE SEGURIDAD SOCIAL DE AFILIACIÓN OBLIGATORIA.,MANABI,1
2023,2026-05-05,D,"SUMINISTRO DE ELECTRICIDAD, GAS, VAPOR Y AIRE ACONDICIONADO.",MANABI,1
2023,2026-11-11,D,"SUMINISTRO DE ELECTRICIDAD, GAS, VAPOR Y AIRE ACONDICIONADO.",MANABI,1
2023,2026-08-08,O,ADMINISTRACIÓN PÚBLICA Y DEFENSA; PLANES DE SEGURIDAD SOCIAL DE AFILIACIÓN OBLIGATORIA.,MANABI,1
2023,2026-10-10,B,EXPLOTACIÓN DE MINAS Y CANTERAS.,MANABI,1
2023,2026-09-09,K,ACTIVIDADES FINANCIERAS Y DE SEGUROS.,MANABI,1
2023,2026-06-06,E,"DISTRIBUCIÓN DE AGUA; ALCANTARILLADO, GESTIÓN DE DESECHOS Y ACTIVIDADES DE SANEAMIENTO.",MANABI,1
2023,2026-05-05,K,ACTIVIDADES FINANCIERAS Y DE SEGUROS.,MANABI,1
2023,2026-07-07,O,ADMINISTRACIÓN PÚBLICA Y DEFENSA; PLANES DE SEGURIDAD SOCIAL DE AFILIACIÓN OBLIGATORIA.,MANABI,1
2023,2026-01-01,D,"SUMINISTRO DE ELECTRICIDAD, GAS, VAPOR Y AIRE ACONDICIONADO.",MANABI,1
2023,2026-04-04,D,"SUMINISTRO DE ELECTRICIDAD, GAS, VAPOR Y AIRE ACONDICIONADO.",MANABI,1
2023,2026-12-12,K,ACTIVIDADES FINANCIERAS Y DE SEGUROS.,MANABI,1
2023,2026-12-12,D,"SUMINISTRO DE ELECTRICIDAD, GAS, VAPOR Y AIRE ACONDICIONADO.",MANABI,1
2023,2026-06-06,K,ACTIVIDADES FINANCIERAS Y DE SEGUROS.,MANABI,1
2024,2026-12-12,B,EXPLOTACIÓN DE MINAS Y CANTERAS.,MANABI,1
2024,2026-07-07,O,ADMINISTRACIÓN PÚBLICA Y DEFENSA; PLANES DE SEGURIDAD SOCIAL DE AFILIACIÓN OBLIGATORIA.,MANABI,1
2024,2026-10-10,K,ACTIVIDADES FINANCIERAS Y DE SEGUROS.,MANABI,1
2024,2026-08-08,K,ACTIVIDADES FINANCIERAS Y DE SEGUROS.,MANABI,1
2024,2026-06-06,E,"DISTRIBUCIÓN DE AGUA; ALCANTARILLADO, GESTIÓN DE DESECHOS Y ACTIVIDADES DE SANEAMIENTO.",MANABI,1
2024,2026-01-01,E,"DISTRIBUCIÓN DE AGUA; ALCANTARILLADO, GESTIÓN DE DESECHOS Y ACTIVIDADES DE SANEAMIENTO.",MANABI,1
2024,2026-01-01,D,"SUMINISTRO DE ELECTRICIDAD, GAS, VAPOR Y AIRE ACONDICIONADO.",MANABI,1
2024,2026-04-04,B,EXPLOTACIÓN DE MINAS Y CANTERAS.,MANABI,1
2024,2026-10-10,O,ADMINISTRACIÓN PÚBLICA Y DEFENSA; PLANES DE SEGURIDAD SOCIAL DE AFILIACIÓN OBLIGATORIA.,MANABI,1
2024,2026-06-06,K,ACTIVIDADES FINANCIERAS Y DE SEGUROS.,MANABI,1
2024,2026-03-03,K,ACTIVIDADES FINANCIERAS Y DE SEGUROS.,MANABI,1
2024,2026-11-11,K,ACTIVIDADES FINANCIERAS Y DE SEGUROS.,MANABI,1
2024,2026-07-07,D,"SUMINISTRO DE ELECTRICIDAD, GAS, VAPOR Y AIRE ACONDICIONADO.",MANABI,1
2024,2026-07-07,K,ACTIVIDADES FINANCIERAS Y DE SEGUROS.,MANABI,1
2024,2026-05-05,O,ADMINISTRACIÓN PÚBLICA Y DEFENSA; PLANES DE SEGURIDAD SOCIAL DE AFILIACIÓN OBLIGATORIA.,MANABI,1
2024,2026-12-12,D,"SUMINISTRO DE ELECTRICIDAD, GAS, VAPOR Y AIRE ACONDICIONADO.",MANABI,1
2024,2026-08-08,B,EXPLOTACIÓN DE MINAS Y CANTERAS.,MANABI,1
2024,2026-10-10,B,EXPLOTACIÓN DE MINAS Y CANTERAS.,MANABI,1
2024,2026-07-07,E,"DISTRIBUCIÓN DE AGUA; ALCANTARILLADO, GESTIÓN DE DESECHOS Y ACTIVIDADES DE SANEAMIENTO.",MANABI,1
2024,2026-06-06,D,"SUMINISTRO DE ELECTRICIDAD, GAS, VAPOR Y AIRE ACONDICIONADO.",MANABI,1
2024,2026-01-01,O,ADMINISTRACIÓN PÚBLICA Y DEFENSA; PLANES DE SEGURIDAD SOCIAL DE AFILIACIÓN OBLIGATORIA.,MANABI,1
2025,2026-03-03,D,"SUMINISTRO DE ELECTRICIDAD, GAS, VAPOR Y AIRE ACONDICIONADO.",MANABI,1
2025,2026-10-10,K,ACTIVIDADES FINANCIERAS Y DE SEGUROS.,MANABI,1
2025,2026-01-01,K,ACTIVIDADES FINANCIERAS Y DE SEGUROS.,MANABI,1
2025,2026-07-07,D,"SUMINISTRO DE ELECTRICIDAD, GAS, VAPOR Y AIRE ACONDICIONADO.",MANABI,1
2025,2026-01-01,D,"SUMINISTRO DE ELECTRICIDAD, GAS, VAPOR Y AIRE ACONDICIONADO.",MANABI,1
2025,2026-09-09,O,ADMINISTRACIÓN PÚBLICA Y DEFENSA; PLANES DE SEGURIDAD SOCIAL DE AFILIACIÓN OBLIGATORIA.,MANABI,1
2025,2026-04-04,D,"SUMINISTRO DE ELECTRICIDAD, GAS, VAPOR Y AIRE ACONDICIONADO.",MANABI,1
2025,2026-07-07,K,ACTIVIDADES FINANCIERAS Y DE SEGUROS.,MANABI,1
2025,2026-04-04,B,EXPLOTACIÓN DE MINAS Y CANTERAS.,MANABI,1
2025,2026-11-11,D,"SUMINISTRO DE ELECTRICIDAD, GAS, VAPOR Y AIRE ACONDICIONADO.",MANABI,1
2025,2026-11-11,K,ACTIVIDADES FINANCIERAS Y DE SEGUROS.,MANABI,1
2025,2026-04-04,E,"DISTRIBUCIÓN DE AGUA; ALCANTARILLADO, GESTIÓN DE DESECHOS Y ACTIVIDADES DE SANEAMIENTO.",MANABI,1
2025,2026-09-09,K,ACTIVIDADES FINANCIERAS Y DE SEGUROS.,MANABI,1
2026,2026-01-01,B,EXPLOTACIÓN DE MINAS Y CANTERAS.,MANABI,1
2026,2026-04-04,K,ACTIVIDADES FINANCIERAS Y DE SEGUROS.,MANABI,1
2026,2026-05-05,K,ACTIVIDADES FINANCIERAS Y DE SEGUROS.,MANABI,1
2026,2026-03-03,B,EXPLOTACIÓN DE MINAS Y CANTERAS.,MANABI,1
2026,2026-05-05,F,CONSTRUCCIÓN.,MANABI,30
2026,2026-02-02,P,ENSEÑANZA.,MANABI,28
2026,2026-04-04,H,TRANSPORTE Y ALMACENAMIENTO.,MANABI,45
2026,2026-05-05,S,OTRAS ACTIVIDADES DE SERVICIOS.,MANABI,547
2026,2026-06-06,A,"AGRICULTURA, GANADERÍA,  SILVICULTURA Y PESCA.",MANABI,271
2026,2026-03-03,H,TRANSPORTE Y ALMACENAMIENTO.,MANABI,46
2026,2026-03-03,I,ACTIVIDADES DE ALOJAMIENTO Y DE SERVICIO DE COMIDAS.,MANABI,147
2026,2026-06-06,F,CONSTRUCCIÓN.,MANABI,32
2026,2026-01-01,A,"AGRICULTURA, GANADERÍA,  SILVICULTURA Y PESCA.",MANABI,292
2026,2026-06-06,N,ACTIVIDADES DE SERVICIOS ADMINISTRATIVOS Y DE APOYO.,MANABI,44
2026,2026-04-04,M,"ACTIVIDADES PROFESIONALES, CIENTÍFICAS Y TÉCNICAS.",MANABI,157
2026,2026-05-05,G,COMERCIO AL POR MAYOR Y AL POR MENOR; REPARACIÓN DE VEHÍCULOS AUTOMOTORES Y MOTOCICLETAS.,MANABI,496
2026,2026-05-05,Q,ACTIVIDADES DE ATENCIÓN DE LA SALUD HUMANA Y DE ASISTENCIA SOCIAL.,MANABI,69
2026,2026-01-01,R,"ARTES, ENTRETENIMIENTO Y RECREACIÓN.",MANABI,37
2026,2026-05-05,H,TRANSPORTE Y ALMACENAMIENTO.,MANABI,63
2026,2026-06-06,T,ACTIVIDADES DE LOS HOGARES COMO EMPLEADORES; ACTIVIDADES NO DIFERENCIADAS DE LOS HOGARES COMO PRODUCTORES DE BIENES Y SERVICIOS PARA USO PROPIO.,MANABI,9
2026,2026-03-03,D,"SUMINISTRO DE ELECTRICIDAD, GAS, VAPOR Y AIRE ACONDICIONADO.",MANABI,3
2026,2026-05-05,E,"DISTRIBUCIÓN DE AGUA; ALCANTARILLADO, GESTIÓN DE DESECHOS Y ACTIVIDADES DE SANEAMIENTO.",MANABI,5
2026,2026-01-01,P,ENSEÑANZA.,MANABI,29
2026,2026-04-04,E,"DISTRIBUCIÓN DE AGUA; ALCANTARILLADO, GESTIÓN DE DESECHOS Y ACTIVIDADES DE SANEAMIENTO.",MANABI,5
2026,2026-04-04,D,"SUMINISTRO DE ELECTRICIDAD, GAS, VAPOR Y AIRE ACONDICIONADO.",MANABI,2
2026,2026-06-06,I,ACTIVIDADES DE ALOJAMIENTO Y DE SERVICIO DE COMIDAS.,MANABI,113
2026,2026-02-02,J,INFORMACIÓN Y COMUNICACIÓN.,MANABI,10
2026,2026-05-05,J,INFORMACIÓN Y COMUNICACIÓN.,MANABI,11
2026,2026-04-04,F,CONSTRUCCIÓN.,MANABI,31
2026,2026-02-02,L,ACTIVIDADES INMOBILIARIAS.,MANABI,14
2026,2026-03-03,R,"ARTES, ENTRETENIMIENTO Y RECREACIÓN.",MANABI,36
2026,2026-01-01,H,TRANSPORTE Y ALMACENAMIENTO.,MANABI,63
2026,2026-03-03,M,"ACTIVIDADES PROFESIONALES, CIENTÍFICAS Y TÉCNICAS.",MANABI,177
2026,2026-05-05,A,"AGRICULTURA, GANADERÍA,  SILVICULTURA Y PESCA.",MANABI,221
2026,2026-06-06,J,INFORMACIÓN Y COMUNICACIÓN.,MANABI,11
2026,2026-01-01,N,ACTIVIDADES DE SERVICIOS ADMINISTRATIVOS Y DE APOYO.,MANABI,49
2026,2026-02-02,Q,ACTIVIDADES DE ATENCIÓN DE LA SALUD HUMANA Y DE ASISTENCIA SOCIAL.,MANABI,57
2026,2026-01-01,Q,ACTIVIDADES DE ATENCIÓN DE LA SALUD HUMANA Y DE ASISTENCIA SOCIAL.,MANABI,70
2026,2026-05-05,L,ACTIVIDADES INMOBILIARIAS.,MANABI,18
2026,2026-04-04,A,"AGRICULTURA, GANADERÍA,  SILVICULTURA Y PESCA.",MANABI,219
2026,2026-05-05,T,ACTIVIDADES DE LOS HOGARES COMO EMPLEADORES; ACTIVIDADES NO DIFERENCIADAS DE LOS HOGARES COMO PRODUCTORES DE BIENES Y SERVICIOS PARA USO PROPIO.,MANABI,5
2026,2026-05-05,C,INDUSTRIAS MANUFACTURERAS.,MANABI,70
2026,2026-03-03,L,ACTIVIDADES INMOBILIARIAS.,MANABI,19
2026,2026-05-05,D,"SUMINISTRO DE ELECTRICIDAD, GAS, VAPOR Y AIRE ACONDICIONADO.",MANABI,2
2026,2026-02-02,S,OTRAS ACTIVIDADES DE SERVICIOS.,MANABI,502
2026,2026-06-06,Q,ACTIVIDADES DE ATENCIÓN DE LA SALUD HUMANA Y DE ASISTENCIA SOCIAL.,MANABI,59
2026,2026-04-04,T,ACTIVIDADES DE LOS HOGARES COMO EMPLEADORES; ACTIVIDADES NO DIFERENCIADAS DE LOS HOGARES COMO PRODUCTORES DE BIENES Y SERVICIOS PARA USO PROPIO.,MANABI,8
2026,2026-02-02,E,"DISTRIBUCIÓN DE AGUA; ALCANTARILLADO, GESTIÓN DE DESECHOS Y ACTIVIDADES DE SANEAMIENTO.",MANABI,2
2026,2026-01-01,F,CONSTRUCCIÓN.,MANABI,36
2026,2026-01-01,J,INFORMACIÓN Y COMUNICACIÓN.,MANABI,10
2026,2026-02-02,G,COMERCIO AL POR MAYOR Y AL POR MENOR; REPARACIÓN DE VEHÍCULOS AUTOMOTORES Y MOTOCICLETAS.,MANABI,678
2026,2026-04-04,C,INDUSTRIAS MANUFACTURERAS.,MANABI,119
2026,2026-03-03,Q,ACTIVIDADES DE ATENCIÓN DE LA SALUD HUMANA Y DE ASISTENCIA SOCIAL.,MANABI,80
2026,2026-05-05,P,ENSEÑANZA.,MANABI,81
2026,2026-03-03,P,ENSEÑANZA.,MANABI,37
2026,2026-06-06,M,"ACTIVIDADES PROFESIONALES, CIENTÍFICAS Y TÉCNICAS.",MANABI,134
2026,2026-04-04,G,COMERCIO AL POR MAYOR Y AL POR MENOR; REPARACIÓN DE VEHÍCULOS AUTOMOTORES Y MOTOCICLETAS.,MANABI,529
2026,2026-03-03,F,CONSTRUCCIÓN.,MANABI,37
2026,2026-06-06,R,"ARTES, ENTRETENIMIENTO Y RECREACIÓN.",MANABI,33
2026,2026-03-03,T,ACTIVIDADES DE LOS HOGARES COMO EMPLEADORES; ACTIVIDADES NO DIFERENCIADAS DE LOS HOGARES COMO PRODUCTORES DE BIENES Y SERVICIOS PARA USO PROPIO.,MANABI,7
2026,2026-06-06,H,TRANSPORTE Y ALMACENAMIENTO.,MANABI,61
2026,2026-01-01,I,ACTIVIDADES DE ALOJAMIENTO Y DE SERVICIO DE COMIDAS.,MANABI,132
2026,2026-03-03,A,"AGRICULTURA, GANADERÍA,  SILVICULTURA Y PESCA.",MANABI,360
2026,2026-02-02,F,CONSTRUCCIÓN.,MANABI,37
2026,2026-05-05,R,"ARTES, ENTRETENIMIENTO Y RECREACIÓN.",MANABI,26
2026,2026-04-04,R,"ARTES, ENTRETENIMIENTO Y RECREACIÓN.",MANABI,18
2026,2026-03-03,K,ACTIVIDADES FINANCIERAS Y DE SEGUROS.,MANABI,5
2026,2026-05-05,N,ACTIVIDADES DE SERVICIOS ADMINISTRATIVOS Y DE APOYO.,MANABI,38
2026,2026-06-06,L,ACTIVIDADES INMOBILIARIAS.,MANABI,14
2026,2026-04-04,J,INFORMACIÓN Y COMUNICACIÓN.,MANABI,13
2026,2026-05-05,M,"ACTIVIDADES PROFESIONALES, CIENTÍFICAS Y TÉCNICAS.",MANABI,130
2026,2026-03-03,S,OTRAS ACTIVIDADES DE SERVICIOS.,MANABI,562
2026,2026-06-06,G,COMERCIO AL POR MAYOR Y AL POR MENOR; REPARACIÓN DE VEHÍCULOS AUTOMOTORES Y MOTOCICLETAS.,MANABI,530
2026,2026-02-02,H,TRANSPORTE Y ALMACENAMIENTO.,MANABI,34
2026,2026-05-05,I,ACTIVIDADES DE ALOJAMIENTO Y DE SERVICIO DE COMIDAS.,MANABI,101
2026,2026-01-01,C,INDUSTRIAS MANUFACTURERAS.,MANABI,104
2026,2026-03-03,J,INFORMACIÓN Y COMUNICACIÓN.,MANABI,21
2026,2026-02-02,K,ACTIVIDADES FINANCIERAS Y DE SEGUROS.,MANABI,2
2026,2026-04-04,I,ACTIVIDADES DE ALOJAMIENTO Y DE SERVICIO DE COMIDAS.,MANABI,130
2026,2026-04-04,L,ACTIVIDADES INMOBILIARIAS.,MANABI,12
2026,2026-06-06,K,ACTIVIDADES FINANCIERAS Y DE SEGUROS.,MANABI,5
2026,2026-06-06,E,"DISTRIBUCIÓN DE AGUA; ALCANTARILLADO, GESTIÓN DE DESECHOS Y ACTIVIDADES DE SANEAMIENTO.",MANABI,4
2026,2026-06-06,S,OTRAS ACTIVIDADES DE SERVICIOS.,MANABI,581
2026,2026-04-04,S,OTRAS ACTIVIDADES DE SERVICIOS.,MANABI,537
2026,2026-06-06,C,INDUSTRIAS MANUFACTURERAS.,MANABI,79
2026,2026-02-02,A,"AGRICULTURA, GANADERÍA,  SILVICULTURA Y PESCA.",MANABI,278
2026,2026-06-06,P,ENSEÑANZA.,MANABI,58
2026,2026-01-01,M,"ACTIVIDADES PROFESIONALES, CIENTÍFICAS Y TÉCNICAS.",MANABI,183
2026,2026-02-02,I,ACTIVIDADES DE ALOJAMIENTO Y DE SERVICIO DE COMIDAS.,MANABI,122
2026,2026-04-04,P,ENSEÑANZA.,MANABI,53
2026,2026-01-01,G,COMERCIO AL POR MAYOR Y AL POR MENOR; REPARACIÓN DE VEHÍCULOS AUTOMOTORES Y MOTOCICLETAS.,MANABI,569
2026,2026-01-01,S,OTRAS ACTIVIDADES DE SERVICIOS.,MANABI,585
2026,2026-02-02,M,"ACTIVIDADES PROFESIONALES, CIENTÍFICAS Y TÉCNICAS.",MANABI,163
2026,2026-01-01,L,ACTIVIDADES INMOBILIARIAS.,MANABI,13
2026,2026-04-04,N,ACTIVIDADES DE SERVICIOS ADMINISTRATIVOS Y DE APOYO.,MANABI,42
2026,2026-03-03,C,INDUSTRIAS MANUFACTURERAS.,MANABI,148
2026,2026-04-04,Q,ACTIVIDADES DE ATENCIÓN DE LA SALUD HUMANA Y DE ASISTENCIA SOCIAL.,MANABI,71
2026,2026-03-03,N,ACTIVIDADES DE SERVICIOS ADMINISTRATIVOS Y DE APOYO.,MANABI,46
2026,2026-02-02,C,INDUSTRIAS MANUFACTURERAS.,MANABI,115
2026,2026-01-01,T,ACTIVIDADES DE LOS HOGARES COMO EMPLEADORES; ACTIVIDADES NO DIFERENCIADAS DE LOS HOGARES COMO PRODUCTORES DE BIENES Y SERVICIOS PARA USO PROPIO.,MANABI,3
2026,2026-01-01,E,"DISTRIBUCIÓN DE AGUA; ALCANTARILLADO, GESTIÓN DE DESECHOS Y ACTIVIDADES DE SANEAMIENTO.",MANABI,4
2026,2026-03-03,G,COMERCIO AL POR MAYOR Y AL POR MENOR; REPARACIÓN DE VEHÍCULOS AUTOMOTORES Y MOTOCICLETAS.,MANABI,719
2026,2026-03-03,E,"DISTRIBUCIÓN DE AGUA; ALCANTARILLADO, GESTIÓN DE DESECHOS Y ACTIVIDADES DE SANEAMIENTO.",MANABI,5
2026,2026-02-02,R,"ARTES, ENTRETENIMIENTO Y RECREACIÓN.",MANABI,25
2026,2026-02-02,N,ACTIVIDADES DE SERVICIOS ADMINISTRATIVOS Y DE APOYO.,MANABI,35
2026,2026-04-04,B,EXPLOTACIÓN DE MINAS Y CANTERAS.,MANABI,2
2026,2026-02-02,T,ACTIVIDADES DE LOS HOGARES COMO EMPLEADORES; ACTIVIDADES NO DIFERENCIADAS DE LOS HOGARES COMO PRODUCTORES DE BIENES Y SERVICIOS PARA USO PROPIO.,MANABI,7
2025,2026-10-10,R,"ARTES, ENTRETENIMIENTO Y RECREACIÓN.",MANABI,69
2025,2026-11-11,C,INDUSTRIAS MANUFACTURERAS.,MANABI,101
2025,2026-09-09,C,INDUSTRIAS MANUFACTURERAS.,MANABI,178
2025,2026-08-08,P,ENSEÑANZA.,MANABI,28
2025,2026-02-02,A,"AGRICULTURA, GANADERÍA,  SILVICULTURA Y PESCA.",MANABI,149
2025,2026-02-02,N,ACTIVIDADES DE SERVICIOS ADMINISTRATIVOS Y DE APOYO.,MANABI,31
2025,2026-09-09,F,CONSTRUCCIÓN.,MANABI,44
2025,2026-08-08,E,"DISTRIBUCIÓN DE AGUA; ALCANTARILLADO, GESTIÓN DE DESECHOS Y ACTIVIDADES DE SANEAMIENTO.",MANABI,7
2025,2026-06-06,E,"DISTRIBUCIÓN DE AGUA; ALCANTARILLADO, GESTIÓN DE DESECHOS Y ACTIVIDADES DE SANEAMIENTO.",MANABI,3
2025,2026-07-07,J,INFORMACIÓN Y COMUNICACIÓN.,MANABI,8
2025,2026-06-06,M,"ACTIVIDADES PROFESIONALES, CIENTÍFICAS Y TÉCNICAS.",MANABI,138
2025,2026-04-04,M,"ACTIVIDADES PROFESIONALES, CIENTÍFICAS Y TÉCNICAS.",MANABI,200
2025,2026-06-06,C,INDUSTRIAS MANUFACTURERAS.,MANABI,159
2025,2026-01-01,R,"ARTES, ENTRETENIMIENTO Y RECREACIÓN.",MANABI,33
2025,2026-09-09,J,INFORMACIÓN Y COMUNICACIÓN.,MANABI,16
2025,2026-02-02,E,"DISTRIBUCIÓN DE AGUA; ALCANTARILLADO, GESTIÓN DE DESECHOS Y ACTIVIDADES DE SANEAMIENTO.",MANABI,3
2025,2026-10-10,S,OTRAS ACTIVIDADES DE SERVICIOS.,MANABI,515
2025,2026-02-02,J,INFORMACIÓN Y COMUNICACIÓN.,MANABI,7
2025,2026-10-10,J,INFORMACIÓN Y COMUNICACIÓN.,MANABI,7
2025,2026-07-07,P,ENSEÑANZA.,MANABI,47
2025,2026-05-05,K,ACTIVIDADES FINANCIERAS Y DE SEGUROS.,MANABI,2
2025,2026-08-08,A,"AGRICULTURA, GANADERÍA,  SILVICULTURA Y PESCA.",MANABI,448
2025,2026-05-05,L,ACTIVIDADES INMOBILIARIAS.,MANABI,17
2025,2026-03-03,G,COMERCIO AL POR MAYOR Y AL POR MENOR; REPARACIÓN DE VEHÍCULOS AUTOMOTORES Y MOTOCICLETAS.,MANABI,536
2025,2026-05-05,Q,ACTIVIDADES DE ATENCIÓN DE LA SALUD HUMANA Y DE ASISTENCIA SOCIAL.,MANABI,53
2025,2026-03-03,P,ENSEÑANZA.,MANABI,34
2025,2026-11-11,S,OTRAS ACTIVIDADES DE SERVICIOS.,MANABI,559
2025,2026-04-04,R,"ARTES, ENTRETENIMIENTO Y RECREACIÓN.",MANABI,33
2025,2026-04-04,J,INFORMACIÓN Y COMUNICACIÓN.,MANABI,9
2025,2026-01-01,F,CONSTRUCCIÓN.,MANABI,39
2025,2026-09-09,E,"DISTRIBUCIÓN DE AGUA; ALCANTARILLADO, GESTIÓN DE DESECHOS Y ACTIVIDADES DE SANEAMIENTO.",MANABI,3
2025,2026-04-04,T,ACTIVIDADES DE LOS HOGARES COMO EMPLEADORES; ACTIVIDADES NO DIFERENCIADAS DE LOS HOGARES COMO PRODUCTORES DE BIENES Y SERVICIOS PARA USO PROPIO.,MANABI,2
2025,2026-06-06,A,"AGRICULTURA, GANADERÍA,  SILVICULTURA Y PESCA.",MANABI,339
2025,2026-04-04,P,ENSEÑANZA.,MANABI,116
2025,2026-04-04,G,COMERCIO AL POR MAYOR Y AL POR MENOR; REPARACIÓN DE VEHÍCULOS AUTOMOTORES Y MOTOCICLETAS.,MANABI,1181
2025,2026-09-09,N,ACTIVIDADES DE SERVICIOS ADMINISTRATIVOS Y DE APOYO.,MANABI,54
2025,2026-05-05,N,ACTIVIDADES DE SERVICIOS ADMINISTRATIVOS Y DE APOYO.,MANABI,47
2025,2026-07-07,C,INDUSTRIAS MANUFACTURERAS.,MANABI,142
2025,2026-03-03,I,ACTIVIDADES DE ALOJAMIENTO Y DE SERVICIO DE COMIDAS.,MANABI,92
2025,2026-07-07,L,ACTIVIDADES INMOBILIARIAS.,MANABI,16
2025,2026-09-09,D,"SUMINISTRO DE ELECTRICIDAD, GAS, VAPOR Y AIRE ACONDICIONADO.",MANABI,3
2025,2026-11-11,T,ACTIVIDADES DE LOS HOGARES COMO EMPLEADORES; ACTIVIDADES NO DIFERENCIADAS DE LOS HOGARES COMO PRODUCTORES DE BIENES Y SERVICIOS PARA USO PROPIO.,MANABI,6
2025,2026-03-03,E,"DISTRIBUCIÓN DE AGUA; ALCANTARILLADO, GESTIÓN DE DESECHOS Y ACTIVIDADES DE SANEAMIENTO.",MANABI,4
2025,2026-06-06,S,OTRAS ACTIVIDADES DE SERVICIOS.,MANABI,518
2025,2026-08-08,M,"ACTIVIDADES PROFESIONALES, CIENTÍFICAS Y TÉCNICAS.",MANABI,121
2025,2026-08-08,C,INDUSTRIAS MANUFACTURERAS.,MANABI,115
2025,2026-01-01,G,COMERCIO AL POR MAYOR Y AL POR MENOR; REPARACIÓN DE VEHÍCULOS AUTOMOTORES Y MOTOCICLETAS.,MANABI,508
2025,2026-02-02,S,OTRAS ACTIVIDADES DE SERVICIOS.,MANABI,440
2025,2026-08-08,L,ACTIVIDADES INMOBILIARIAS.,MANABI,18
2025,2026-05-05,J,INFORMACIÓN Y COMUNICACIÓN.,MANABI,5
2025,2026-02-02,Q,ACTIVIDADES DE ATENCIÓN DE LA SALUD HUMANA Y DE ASISTENCIA SOCIAL.,MANABI,46
2025,2026-07-07,H,TRANSPORTE Y ALMACENAMIENTO.,MANABI,43
2025,2026-09-09,S,OTRAS ACTIVIDADES DE SERVICIOS.,MANABI,625
2025,2026-10-10,F,CONSTRUCCIÓN.,MANABI,27
2025,2026-11-11,P,ENSEÑANZA.,MANABI,37
2025,2026-03-03,F,CONSTRUCCIÓN.,MANABI,23
2025,2026-05-05,I,ACTIVIDADES DE ALOJAMIENTO Y DE SERVICIO DE COMIDAS.,MANABI,174
2025,2026-11-11,Q,ACTIVIDADES DE ATENCIÓN DE LA SALUD HUMANA Y DE ASISTENCIA SOCIAL.,MANABI,40
2025,2026-04-04,S,OTRAS ACTIVIDADES DE SERVICIOS.,MANABI,600
2025,2026-06-06,F,CONSTRUCCIÓN.,MANABI,36
2025,2026-10-10,Q,ACTIVIDADES DE ATENCIÓN DE LA SALUD HUMANA Y DE ASISTENCIA SOCIAL.,MANABI,48
2025,2026-11-11,N,ACTIVIDADES DE SERVICIOS ADMINISTRATIVOS Y DE APOYO.,MANABI,46
2025,2026-08-08,J,INFORMACIÓN Y COMUNICACIÓN.,MANABI,10
2025,2026-07-07,I,ACTIVIDADES DE ALOJAMIENTO Y DE SERVICIO DE COMIDAS.,MANABI,151
2025,2026-04-04,A,"AGRICULTURA, GANADERÍA,  SILVICULTURA Y PESCA.",MANABI,420
2025,2026-05-05,S,OTRAS ACTIVIDADES DE SERVICIOS.,MANABI,518
2025,2026-04-04,L,ACTIVIDADES INMOBILIARIAS.,MANABI,15
2025,2026-01-01,Q,ACTIVIDADES DE ATENCIÓN DE LA SALUD HUMANA Y DE ASISTENCIA SOCIAL.,MANABI,63
2025,2026-02-02,C,INDUSTRIAS MANUFACTURERAS.,MANABI,85
2025,2026-01-01,C,INDUSTRIAS MANUFACTURERAS.,MANABI,102
2025,2026-10-10,M,"ACTIVIDADES PROFESIONALES, CIENTÍFICAS Y TÉCNICAS.",MANABI,141
2025,2026-01-01,P,ENSEÑANZA.,MANABI,25
2025,2026-02-02,P,ENSEÑANZA.,MANABI,30
2025,2026-03-03,A,"AGRICULTURA, GANADERÍA,  SILVICULTURA Y PESCA.",MANABI,203
2025,2026-10-10,T,ACTIVIDADES DE LOS HOGARES COMO EMPLEADORES; ACTIVIDADES NO DIFERENCIADAS DE LOS HOGARES COMO PRODUCTORES DE BIENES Y SERVICIOS PARA USO PROPIO.,MANABI,6
2025,2026-05-05,T,ACTIVIDADES DE LOS HOGARES COMO EMPLEADORES; ACTIVIDADES NO DIFERENCIADAS DE LOS HOGARES COMO PRODUCTORES DE BIENES Y SERVICIOS PARA USO PROPIO.,MANABI,9
2025,2026-08-08,T,ACTIVIDADES DE LOS HOGARES COMO EMPLEADORES; ACTIVIDADES NO DIFERENCIADAS DE LOS HOGARES COMO PRODUCTORES DE BIENES Y SERVICIOS PARA USO PROPIO.,MANABI,6
2025,2026-09-09,T,ACTIVIDADES DE LOS HOGARES COMO EMPLEADORES; ACTIVIDADES NO DIFERENCIADAS DE LOS HOGARES COMO PRODUCTORES DE BIENES Y SERVICIOS PARA USO PROPIO.,MANABI,10
2025,2026-04-04,C,INDUSTRIAS MANUFACTURERAS.,MANABI,220
2025,2026-01-01,S,OTRAS ACTIVIDADES DE SERVICIOS.,MANABI,420
2025,2026-09-09,G,COMERCIO AL POR MAYOR Y AL POR MENOR; REPARACIÓN DE VEHÍCULOS AUTOMOTORES Y MOTOCICLETAS.,MANABI,889
2025,2026-07-07,F,CONSTRUCCIÓN.,MANABI,29
2025,2026-02-02,K,ACTIVIDADES FINANCIERAS Y DE SEGUROS.,MANABI,2
2025,2026-08-08,N,ACTIVIDADES DE SERVICIOS ADMINISTRATIVOS Y DE APOYO.,MANABI,38
2025,2026-03-03,R,"ARTES, ENTRETENIMIENTO Y RECREACIÓN.",MANABI,19
2025,2026-08-08,S,OTRAS ACTIVIDADES DE SERVICIOS.,MANABI,578
2025,2026-02-02,O,ADMINISTRACIÓN PÚBLICA Y DEFENSA; PLANES DE SEGURIDAD SOCIAL DE AFILIACIÓN OBLIGATORIA.,MANABI,2
2025,2026-09-09,Q,ACTIVIDADES DE ATENCIÓN DE LA SALUD HUMANA Y DE ASISTENCIA SOCIAL.,MANABI,49
2025,2026-02-02,L,ACTIVIDADES INMOBILIARIAS.,MANABI,9
2025,2026-03-03,L,ACTIVIDADES INMOBILIARIAS.,MANABI,5
2025,2026-06-06,K,ACTIVIDADES FINANCIERAS Y DE SEGUROS.,MANABI,2
2025,2026-11-11,G,COMERCIO AL POR MAYOR Y AL POR MENOR; REPARACIÓN DE VEHÍCULOS AUTOMOTORES Y MOTOCICLETAS.,MANABI,715
2025,2026-07-07,A,"AGRICULTURA, GANADERÍA,  SILVICULTURA Y PESCA.",MANABI,406
2025,2026-10-10,G,COMERCIO AL POR MAYOR Y AL POR MENOR; REPARACIÓN DE VEHÍCULOS AUTOMOTORES Y MOTOCICLETAS.,MANABI,790
2025,2026-01-01,I,ACTIVIDADES DE ALOJAMIENTO Y DE SERVICIO DE COMIDAS.,MANABI,101
2025,2026-04-04,F,CONSTRUCCIÓN.,MANABI,35
2025,2026-05-05,C,INDUSTRIAS MANUFACTURERAS.,MANABI,175
2025,2026-01-01,H,TRANSPORTE Y ALMACENAMIENTO.,MANABI,58
2025,2026-03-03,C,INDUSTRIAS MANUFACTURERAS.,MANABI,81
2025,2026-02-02,F,CONSTRUCCIÓN.,MANABI,25
2025,2026-04-04,I,ACTIVIDADES DE ALOJAMIENTO Y DE SERVICIO DE COMIDAS.,MANABI,253
2025,2026-10-10,C,INDUSTRIAS MANUFACTURERAS.,MANABI,159
2025,2026-09-09,I,ACTIVIDADES DE ALOJAMIENTO Y DE SERVICIO DE COMIDAS.,MANABI,196
2025,2026-10-10,N,ACTIVIDADES DE SERVICIOS ADMINISTRATIVOS Y DE APOYO.,MANABI,53
2025,2026-06-06,N,ACTIVIDADES DE SERVICIOS ADMINISTRATIVOS Y DE APOYO.,MANABI,52
2025,2026-06-06,Q,ACTIVIDADES DE ATENCIÓN DE LA SALUD HUMANA Y DE ASISTENCIA SOCIAL.,MANABI,45
2025,2026-10-10,A,"AGRICULTURA, GANADERÍA,  SILVICULTURA Y PESCA.",MANABI,459
2025,2026-08-08,F,CONSTRUCCIÓN.,MANABI,30
2025,2026-04-04,N,ACTIVIDADES DE SERVICIOS ADMINISTRATIVOS Y DE APOYO.,MANABI,70
2025,2026-04-04,Q,ACTIVIDADES DE ATENCIÓN DE LA SALUD HUMANA Y DE ASISTENCIA SOCIAL.,MANABI,83
2025,2026-01-01,J,INFORMACIÓN Y COMUNICACIÓN.,MANABI,11
2025,2026-03-03,Q,ACTIVIDADES DE ATENCIÓN DE LA SALUD HUMANA Y DE ASISTENCIA SOCIAL.,MANABI,67
2025,2026-06-06,I,ACTIVIDADES DE ALOJAMIENTO Y DE SERVICIO DE COMIDAS.,MANABI,134
2025,2026-05-05,P,ENSEÑANZA.,MANABI,73
2025,2026-07-07,E,"DISTRIBUCIÓN DE AGUA; ALCANTARILLADO, GESTIÓN DE DESECHOS Y ACTIVIDADES DE SANEAMIENTO.",MANABI,5
2025,2026-07-07,N,ACTIVIDADES DE SERVICIOS ADMINISTRATIVOS Y DE APOYO.,MANABI,54
2025,2026-07-07,Q,ACTIVIDADES DE ATENCIÓN DE LA SALUD HUMANA Y DE ASISTENCIA SOCIAL.,MANABI,59
2025,2026-07-07,T,ACTIVIDADES DE LOS HOGARES COMO EMPLEADORES; ACTIVIDADES NO DIFERENCIADAS DE LOS HOGARES COMO PRODUCTORES DE BIENES Y SERVICIOS PARA USO PROPIO.,MANABI,4
2025,2026-02-02,R,"ARTES, ENTRETENIMIENTO Y RECREACIÓN.",MANABI,32
2025,2026-08-08,H,TRANSPORTE Y ALMACENAMIENTO.,MANABI,50
2025,2026-08-08,G,COMERCIO AL POR MAYOR Y AL POR MENOR; REPARACIÓN DE VEHÍCULOS AUTOMOTORES Y MOTOCICLETAS.,MANABI,673
2025,2026-05-05,M,"ACTIVIDADES PROFESIONALES, CIENTÍFICAS Y TÉCNICAS.",MANABI,172
2025,2026-02-02,I,ACTIVIDADES DE ALOJAMIENTO Y DE SERVICIO DE COMIDAS.,MANABI,92
2025,2026-03-03,H,TRANSPORTE Y ALMACENAMIENTO.,MANABI,49
2025,2026-07-07,R,"ARTES, ENTRETENIMIENTO Y RECREACIÓN.",MANABI,39
2025,2026-01-01,T,ACTIVIDADES DE LOS HOGARES COMO EMPLEADORES; ACTIVIDADES NO DIFERENCIADAS DE LOS HOGARES COMO PRODUCTORES DE BIENES Y SERVICIOS PARA USO PROPIO.,MANABI,12
2025,2026-01-01,M,"ACTIVIDADES PROFESIONALES, CIENTÍFICAS Y TÉCNICAS.",MANABI,164
2025,2026-07-07,M,"ACTIVIDADES PROFESIONALES, CIENTÍFICAS Y TÉCNICAS.",MANABI,146
2025,2026-03-03,M,"ACTIVIDADES PROFESIONALES, CIENTÍFICAS Y TÉCNICAS.",MANABI,135
2025,2026-05-05,F,CONSTRUCCIÓN.,MANABI,37
2025,2026-11-11,R,"ARTES, ENTRETENIMIENTO Y RECREACIÓN.",MANABI,32
2025,2026-06-06,L,ACTIVIDADES INMOBILIARIAS.,MANABI,19
2025,2026-02-02,T,ACTIVIDADES DE LOS HOGARES COMO EMPLEADORES; ACTIVIDADES NO DIFERENCIADAS DE LOS HOGARES COMO PRODUCTORES DE BIENES Y SERVICIOS PARA USO PROPIO.,MANABI,3
2025,2026-08-08,R,"ARTES, ENTRETENIMIENTO Y RECREACIÓN.",MANABI,28
2025,2026-06-06,J,INFORMACIÓN Y COMUNICACIÓN.,MANABI,12
2025,2026-06-06,P,ENSEÑANZA.,MANABI,60
2025,2026-09-09,A,"AGRICULTURA, GANADERÍA,  SILVICULTURA Y PESCA.",MANABI,419
2025,2026-02-02,G,COMERCIO AL POR MAYOR Y AL POR MENOR; REPARACIÓN DE VEHÍCULOS AUTOMOTORES Y MOTOCICLETAS.,MANABI,480
2025,2026-08-08,Q,ACTIVIDADES DE ATENCIÓN DE LA SALUD HUMANA Y DE ASISTENCIA SOCIAL.,MANABI,49
2025,2026-07-07,G,COMERCIO AL POR MAYOR Y AL POR MENOR; REPARACIÓN DE VEHÍCULOS AUTOMOTORES Y MOTOCICLETAS.,MANABI,712
2025,2026-11-11,M,"ACTIVIDADES PROFESIONALES, CIENTÍFICAS Y TÉCNICAS.",MANABI,96
2025,2026-01-01,N,ACTIVIDADES DE SERVICIOS ADMINISTRATIVOS Y DE APOYO.,MANABI,31
2025,2026-03-03,N,ACTIVIDADES DE SERVICIOS ADMINISTRATIVOS Y DE APOYO.,MANABI,42
2025,2026-03-03,S,OTRAS ACTIVIDADES DE SERVICIOS.,MANABI,368
2025,2026-01-01,L,ACTIVIDADES INMOBILIARIAS.,MANABI,15
2025,2026-11-11,F,CONSTRUCCIÓN.,MANABI,35
2025,2026-01-01,A,"AGRICULTURA, GANADERÍA,  SILVICULTURA Y PESCA.",MANABI,205
2025,2026-05-05,H,TRANSPORTE Y ALMACENAMIENTO.,MANABI,40
2025,2026-02-02,H,TRANSPORTE Y ALMACENAMIENTO.,MANABI,50
2025,2026-11-11,I,ACTIVIDADES DE ALOJAMIENTO Y DE SERVICIO DE COMIDAS.,MANABI,111
2025,2026-10-10,H,TRANSPORTE Y ALMACENAMIENTO.,MANABI,71
2025,2026-09-09,L,ACTIVIDADES INMOBILIARIAS.,MANABI,15
2025,2026-02-02,D,"SUMINISTRO DE ELECTRICIDAD, GAS, VAPOR Y AIRE ACONDICIONADO.",MANABI,2
2025,2026-10-10,L,ACTIVIDADES INMOBILIARIAS.,MANABI,15
2025,2026-10-10,E,"DISTRIBUCIÓN DE AGUA; ALCANTARILLADO, GESTIÓN DE DESECHOS Y ACTIVIDADES DE SANEAMIENTO.",MANABI,6
2025,2026-11-11,L,ACTIVIDADES INMOBILIARIAS.,MANABI,13
2025,2026-04-04,H,TRANSPORTE Y ALMACENAMIENTO.,MANABI,54
2025,2026-06-06,R,"ARTES, ENTRETENIMIENTO Y RECREACIÓN.",MANABI,27
2025,2026-11-11,A,"AGRICULTURA, GANADERÍA,  SILVICULTURA Y PESCA.",MANABI,374
2025,2026-03-03,J,INFORMACIÓN Y COMUNICACIÓN.,MANABI,10
2025,2026-09-09,R,"ARTES, ENTRETENIMIENTO Y RECREACIÓN.",MANABI,44
2025,2026-05-05,A,"AGRICULTURA, GANADERÍA,  SILVICULTURA Y PESCA.",MANABI,419
2025,2026-11-11,E,"DISTRIBUCIÓN DE AGUA; ALCANTARILLADO, GESTIÓN DE DESECHOS Y ACTIVIDADES DE SANEAMIENTO.",MANABI,4
2025,2026-09-09,H,TRANSPORTE Y ALMACENAMIENTO.,MANABI,68
2025,2026-10-10,D,"SUMINISTRO DE ELECTRICIDAD, GAS, VAPOR Y AIRE ACONDICIONADO.",MANABI,4
2025,2026-05-05,R,"ARTES, ENTRETENIMIENTO Y RECREACIÓN.",MANABI,24
2025,2026-09-09,P,ENSEÑANZA.,MANABI,44
2025,2026-03-03,T,ACTIVIDADES DE LOS HOGARES COMO EMPLEADORES; ACTIVIDADES NO DIFERENCIADAS DE LOS HOGARES COMO PRODUCTORES DE BIENES Y SERVICIOS PARA USO PROPIO.,MANABI,2
2025,2026-10-10,P,ENSEÑANZA.,MANABI,45
2025,2026-08-08,I,ACTIVIDADES DE ALOJAMIENTO Y DE SERVICIO DE COMIDAS.,MANABI,154
2025,2026-06-06,T,ACTIVIDADES DE LOS HOGARES COMO EMPLEADORES; ACTIVIDADES NO DIFERENCIADAS DE LOS HOGARES COMO PRODUCTORES DE BIENES Y SERVICIOS PARA USO PROPIO.,MANABI,14
2025,2026-05-05,G,COMERCIO AL POR MAYOR Y AL POR MENOR; REPARACIÓN DE VEHÍCULOS AUTOMOTORES Y MOTOCICLETAS.,MANABI,824
2025,2026-02-02,M,"ACTIVIDADES PROFESIONALES, CIENTÍFICAS Y TÉCNICAS.",MANABI,138
2025,2026-09-09,M,"ACTIVIDADES PROFESIONALES, CIENTÍFICAS Y TÉCNICAS.",MANABI,135
2025,2026-11-11,H,TRANSPORTE Y ALMACENAMIENTO.,MANABI,44
2025,2026-06-06,G,COMERCIO AL POR MAYOR Y AL POR MENOR; REPARACIÓN DE VEHÍCULOS AUTOMOTORES Y MOTOCICLETAS.,MANABI,730
2025,2026-06-06,H,TRANSPORTE Y ALMACENAMIENTO.,MANABI,45
2025,2026-07-07,S,OTRAS ACTIVIDADES DE SERVICIOS.,MANABI,575
2025,2026-11-11,J,INFORMACIÓN Y COMUNICACIÓN.,MANABI,13
2025,2026-10-10,I,ACTIVIDADES DE ALOJAMIENTO Y DE SERVICIO DE COMIDAS.,MANABI,152
2025,2026-05-05,B,EXPLOTACIÓN DE MINAS Y CANTERAS.,MANABI,2
2025,2026-05-05,E,"DISTRIBUCIÓN DE AGUA; ALCANTARILLADO, GESTIÓN DE DESECHOS Y ACTIVIDADES DE SANEAMIENTO.",MANABI,2
2025,2026-01-01,E,"DISTRIBUCIÓN DE AGUA; ALCANTARILLADO, GESTIÓN DE DESECHOS Y ACTIVIDADES DE SANEAMIENTO.",MANABI,2
2025,2026-03-03,K,ACTIVIDADES FINANCIERAS Y DE SEGUROS.,MANABI,2
2022,2026-07-07,S,OTRAS ACTIVIDADES DE SERVICIOS.,MANABI,317
2022,2026-10-10,G,COMERCIO AL POR MAYOR Y AL POR MENOR; REPARACIÓN DE VEHÍCULOS AUTOMOTORES Y MOTOCICLETAS.,MANABI,862
2022,2026-09-09,A,"AGRICULTURA, GANADERÍA,  SILVICULTURA Y PESCA.",MANABI,359
2022,2026-02-02,R,"ARTES, ENTRETENIMIENTO Y RECREACIÓN.",MANABI,27
2022,2026-03-03,S,OTRAS ACTIVIDADES DE SERVICIOS.,MANABI,305
2022,2026-08-08,M,"ACTIVIDADES PROFESIONALES, CIENTÍFICAS Y TÉCNICAS.",MANABI,175
2022,2026-06-06,F,CONSTRUCCIÓN.,MANABI,42
2022,2026-08-08,A,"AGRICULTURA, GANADERÍA,  SILVICULTURA Y PESCA.",MANABI,286
2022,2026-01-01,I,ACTIVIDADES DE ALOJAMIENTO Y DE SERVICIO DE COMIDAS.,MANABI,121
2022,2026-11-11,D,"SUMINISTRO DE ELECTRICIDAD, GAS, VAPOR Y AIRE ACONDICIONADO.",MANABI,3
2022,2026-08-08,T,ACTIVIDADES DE LOS HOGARES COMO EMPLEADORES; ACTIVIDADES NO DIFERENCIADAS DE LOS HOGARES COMO PRODUCTORES DE BIENES Y SERVICIOS PARA USO PROPIO.,MANABI,15
2022,2026-08-08,F,CONSTRUCCIÓN.,MANABI,47
2022,2026-07-07,N,ACTIVIDADES DE SERVICIOS ADMINISTRATIVOS Y DE APOYO.,MANABI,48
2022,2026-05-05,G,COMERCIO AL POR MAYOR Y AL POR MENOR; REPARACIÓN DE VEHÍCULOS AUTOMOTORES Y MOTOCICLETAS.,MANABI,609
2022,2026-09-09,N,ACTIVIDADES DE SERVICIOS ADMINISTRATIVOS Y DE APOYO.,MANABI,43
2022,2026-08-08,H,TRANSPORTE Y ALMACENAMIENTO.,MANABI,44
2022,2026-12-12,I,ACTIVIDADES DE ALOJAMIENTO Y DE SERVICIO DE COMIDAS.,MANABI,63
2022,2026-05-05,R,"ARTES, ENTRETENIMIENTO Y RECREACIÓN.",MANABI,31
2022,2026-09-09,P,ENSEÑANZA.,MANABI,28
2022,2026-04-04,P,ENSEÑANZA.,MANABI,56
2022,2026-08-08,E,"DISTRIBUCIÓN DE AGUA; ALCANTARILLADO, GESTIÓN DE DESECHOS Y ACTIVIDADES DE SANEAMIENTO.",MANABI,2
2022,2026-11-11,G,COMERCIO AL POR MAYOR Y AL POR MENOR; REPARACIÓN DE VEHÍCULOS AUTOMOTORES Y MOTOCICLETAS.,MANABI,664
2022,2026-03-03,G,COMERCIO AL POR MAYOR Y AL POR MENOR; REPARACIÓN DE VEHÍCULOS AUTOMOTORES Y MOTOCICLETAS.,MANABI,702
2022,2026-01-01,G,COMERCIO AL POR MAYOR Y AL POR MENOR; REPARACIÓN DE VEHÍCULOS AUTOMOTORES Y MOTOCICLETAS.,MANABI,766
2022,2026-02-02,I,ACTIVIDADES DE ALOJAMIENTO Y DE SERVICIO DE COMIDAS.,MANABI,97
2022,2026-07-07,H,TRANSPORTE Y ALMACENAMIENTO.,MANABI,71
2022,2026-03-03,M,"ACTIVIDADES PROFESIONALES, CIENTÍFICAS Y TÉCNICAS.",MANABI,134
2022,2026-12-12,C,INDUSTRIAS MANUFACTURERAS.,MANABI,103
2022,2026-11-11,J,INFORMACIÓN Y COMUNICACIÓN.,MANABI,14
2022,2026-05-05,H,TRANSPORTE Y ALMACENAMIENTO.,MANABI,45
2022,2026-09-09,L,ACTIVIDADES INMOBILIARIAS.,MANABI,24
2022,2026-02-02,M,"ACTIVIDADES PROFESIONALES, CIENTÍFICAS Y TÉCNICAS.",MANABI,143
2022,2026-08-08,N,ACTIVIDADES DE SERVICIOS ADMINISTRATIVOS Y DE APOYO.,MANABI,33
2022,2026-06-06,L,ACTIVIDADES INMOBILIARIAS.,MANABI,19
2022,2026-12-12,H,TRANSPORTE Y ALMACENAMIENTO.,MANABI,63
2022,2026-02-02,F,CONSTRUCCIÓN.,MANABI,28
2022,2026-06-06,Q,ACTIVIDADES DE ATENCIÓN DE LA SALUD HUMANA Y DE ASISTENCIA SOCIAL.,MANABI,52
2022,2026-02-02,C,INDUSTRIAS MANUFACTURERAS.,MANABI,86
2022,2026-05-05,I,ACTIVIDADES DE ALOJAMIENTO Y DE SERVICIO DE COMIDAS.,MANABI,118
2022,2026-11-11,R,"ARTES, ENTRETENIMIENTO Y RECREACIÓN.",MANABI,28
2022,2026-09-09,E,"DISTRIBUCIÓN DE AGUA; ALCANTARILLADO, GESTIÓN DE DESECHOS Y ACTIVIDADES DE SANEAMIENTO.",MANABI,2
2022,2026-10-10,T,ACTIVIDADES DE LOS HOGARES COMO EMPLEADORES; ACTIVIDADES NO DIFERENCIADAS DE LOS HOGARES COMO PRODUCTORES DE BIENES Y SERVICIOS PARA USO PROPIO.,MANABI,10
2022,2026-03-03,J,INFORMACIÓN Y COMUNICACIÓN.,MANABI,17
2022,2026-04-04,A,"AGRICULTURA, GANADERÍA,  SILVICULTURA Y PESCA.",MANABI,317
2022,2026-10-10,A,"AGRICULTURA, GANADERÍA,  SILVICULTURA Y PESCA.",MANABI,396
2022,2026-08-08,G,COMERCIO AL POR MAYOR Y AL POR MENOR; REPARACIÓN DE VEHÍCULOS AUTOMOTORES Y MOTOCICLETAS.,MANABI,723
2022,2026-02-02,Q,ACTIVIDADES DE ATENCIÓN DE LA SALUD HUMANA Y DE ASISTENCIA SOCIAL.,MANABI,77
2022,2026-09-09,C,INDUSTRIAS MANUFACTURERAS.,MANABI,132
2022,2026-07-07,C,INDUSTRIAS MANUFACTURERAS.,MANABI,124
2022,2026-04-04,C,INDUSTRIAS MANUFACTURERAS.,MANABI,93
2022,2026-10-10,I,ACTIVIDADES DE ALOJAMIENTO Y DE SERVICIO DE COMIDAS.,MANABI,108
2022,2026-05-05,M,"ACTIVIDADES PROFESIONALES, CIENTÍFICAS Y TÉCNICAS.",MANABI,141
2022,2026-07-07,Q,ACTIVIDADES DE ATENCIÓN DE LA SALUD HUMANA Y DE ASISTENCIA SOCIAL.,MANABI,61
2022,2026-04-04,H,TRANSPORTE Y ALMACENAMIENTO.,MANABI,53
2022,2026-08-08,P,ENSEÑANZA.,MANABI,28
2022,2026-03-03,F,CONSTRUCCIÓN.,MANABI,61
2022,2026-12-12,M,"ACTIVIDADES PROFESIONALES, CIENTÍFICAS Y TÉCNICAS.",MANABI,99
2022,2026-01-01,R,"ARTES, ENTRETENIMIENTO Y RECREACIÓN.",MANABI,42
2022,2026-08-08,R,"ARTES, ENTRETENIMIENTO Y RECREACIÓN.",MANABI,20
2022,2026-02-02,L,ACTIVIDADES INMOBILIARIAS.,MANABI,26
2022,2026-12-12,N,ACTIVIDADES DE SERVICIOS ADMINISTRATIVOS Y DE APOYO.,MANABI,42
2022,2026-12-12,T,ACTIVIDADES DE LOS HOGARES COMO EMPLEADORES; ACTIVIDADES NO DIFERENCIADAS DE LOS HOGARES COMO PRODUCTORES DE BIENES Y SERVICIOS PARA USO PROPIO.,MANABI,4
2022,2026-12-12,L,ACTIVIDADES INMOBILIARIAS.,MANABI,13
2022,2026-10-10,K,ACTIVIDADES FINANCIERAS Y DE SEGUROS.,MANABI,2
2022,2026-08-08,S,OTRAS ACTIVIDADES DE SERVICIOS.,MANABI,349
2022,2026-12-12,S,OTRAS ACTIVIDADES DE SERVICIOS.,MANABI,530
2022,2026-06-06,H,TRANSPORTE Y ALMACENAMIENTO.,MANABI,58
2022,2026-04-04,I,ACTIVIDADES DE ALOJAMIENTO Y DE SERVICIO DE COMIDAS.,MANABI,110
2022,2026-03-03,C,INDUSTRIAS MANUFACTURERAS.,MANABI,110
2022,2026-06-06,P,ENSEÑANZA.,MANABI,59
2022,2026-10-10,F,CONSTRUCCIÓN.,MANABI,37
2022,2026-10-10,Q,ACTIVIDADES DE ATENCIÓN DE LA SALUD HUMANA Y DE ASISTENCIA SOCIAL.,MANABI,80
2022,2026-09-09,Q,ACTIVIDADES DE ATENCIÓN DE LA SALUD HUMANA Y DE ASISTENCIA SOCIAL.,MANABI,78
2022,2026-11-11,Q,ACTIVIDADES DE ATENCIÓN DE LA SALUD HUMANA Y DE ASISTENCIA SOCIAL.,MANABI,78
2022,2026-05-05,P,ENSEÑANZA.,MANABI,74
2022,2026-04-04,T,ACTIVIDADES DE LOS HOGARES COMO EMPLEADORES; ACTIVIDADES NO DIFERENCIADAS DE LOS HOGARES COMO PRODUCTORES DE BIENES Y SERVICIOS PARA USO PROPIO.,MANABI,13
2022,2026-06-06,N,ACTIVIDADES DE SERVICIOS ADMINISTRATIVOS Y DE APOYO.,MANABI,44
2022,2026-01-01,L,ACTIVIDADES INMOBILIARIAS.,MANABI,22
2022,2026-12-12,Q,ACTIVIDADES DE ATENCIÓN DE LA SALUD HUMANA Y DE ASISTENCIA SOCIAL.,MANABI,47
2022,2026-02-02,T,ACTIVIDADES DE LOS HOGARES COMO EMPLEADORES; ACTIVIDADES NO DIFERENCIADAS DE LOS HOGARES COMO PRODUCTORES DE BIENES Y SERVICIOS PARA USO PROPIO.,MANABI,8
2022,2026-07-07,F,CONSTRUCCIÓN.,MANABI,34
2022,2026-09-09,T,ACTIVIDADES DE LOS HOGARES COMO EMPLEADORES; ACTIVIDADES NO DIFERENCIADAS DE LOS HOGARES COMO PRODUCTORES DE BIENES Y SERVICIOS PARA USO PROPIO.,MANABI,9
2022,2026-08-08,B,EXPLOTACIÓN DE MINAS Y CANTERAS.,MANABI,2
2022,2026-02-02,N,ACTIVIDADES DE SERVICIOS ADMINISTRATIVOS Y DE APOYO.,MANABI,35
2022,2026-10-10,N,ACTIVIDADES DE SERVICIOS ADMINISTRATIVOS Y DE APOYO.,MANABI,40
2022,2026-11-11,S,OTRAS ACTIVIDADES DE SERVICIOS.,MANABI,864
2022,2026-10-10,S,OTRAS ACTIVIDADES DE SERVICIOS.,MANABI,1089
2022,2026-04-04,G,COMERCIO AL POR MAYOR Y AL POR MENOR; REPARACIÓN DE VEHÍCULOS AUTOMOTORES Y MOTOCICLETAS.,MANABI,662
2022,2026-04-04,M,"ACTIVIDADES PROFESIONALES, CIENTÍFICAS Y TÉCNICAS.",MANABI,127
2022,2026-12-12,G,COMERCIO AL POR MAYOR Y AL POR MENOR; REPARACIÓN DE VEHÍCULOS AUTOMOTORES Y MOTOCICLETAS.,MANABI,463
2022,2026-03-03,I,ACTIVIDADES DE ALOJAMIENTO Y DE SERVICIO DE COMIDAS.,MANABI,98
2022,2026-06-06,S,OTRAS ACTIVIDADES DE SERVICIOS.,MANABI,348
2022,2026-10-10,M,"ACTIVIDADES PROFESIONALES, CIENTÍFICAS Y TÉCNICAS.",MANABI,169
2022,2026-11-11,A,"AGRICULTURA, GANADERÍA,  SILVICULTURA Y PESCA.",MANABI,354
2022,2026-01-01,C,INDUSTRIAS MANUFACTURERAS.,MANABI,104
2022,2026-09-09,I,ACTIVIDADES DE ALOJAMIENTO Y DE SERVICIO DE COMIDAS.,MANABI,99
2022,2026-05-05,N,ACTIVIDADES DE SERVICIOS ADMINISTRATIVOS Y DE APOYO.,MANABI,57
2022,2026-01-01,Q,ACTIVIDADES DE ATENCIÓN DE LA SALUD HUMANA Y DE ASISTENCIA SOCIAL.,MANABI,93
2022,2026-06-06,I,ACTIVIDADES DE ALOJAMIENTO Y DE SERVICIO DE COMIDAS.,MANABI,107
2022,2026-08-08,I,ACTIVIDADES DE ALOJAMIENTO Y DE SERVICIO DE COMIDAS.,MANABI,123
2022,2026-02-02,H,TRANSPORTE Y ALMACENAMIENTO.,MANABI,38
2022,2026-07-07,M,"ACTIVIDADES PROFESIONALES, CIENTÍFICAS Y TÉCNICAS.",MANABI,152
2022,2026-03-03,L,ACTIVIDADES INMOBILIARIAS.,MANABI,21
2022,2026-05-05,T,ACTIVIDADES DE LOS HOGARES COMO EMPLEADORES; ACTIVIDADES NO DIFERENCIADAS DE LOS HOGARES COMO PRODUCTORES DE BIENES Y SERVICIOS PARA USO PROPIO.,MANABI,13
2022,2026-11-11,T,ACTIVIDADES DE LOS HOGARES COMO EMPLEADORES; ACTIVIDADES NO DIFERENCIADAS DE LOS HOGARES COMO PRODUCTORES DE BIENES Y SERVICIOS PARA USO PROPIO.,MANABI,12
2022,2026-10-10,E,"DISTRIBUCIÓN DE AGUA; ALCANTARILLADO, GESTIÓN DE DESECHOS Y ACTIVIDADES DE SANEAMIENTO.",MANABI,2
2022,2026-03-03,H,TRANSPORTE Y ALMACENAMIENTO.,MANABI,56
2022,2026-06-06,O,ADMINISTRACIÓN PÚBLICA Y DEFENSA; PLANES DE SEGURIDAD SOCIAL DE AFILIACIÓN OBLIGATORIA.,MANABI,2
2022,2026-05-05,J,INFORMACIÓN Y COMUNICACIÓN.,MANABI,11
2022,2026-07-07,G,COMERCIO AL POR MAYOR Y AL POR MENOR; REPARACIÓN DE VEHÍCULOS AUTOMOTORES Y MOTOCICLETAS.,MANABI,623
2022,2026-02-02,A,"AGRICULTURA, GANADERÍA,  SILVICULTURA Y PESCA.",MANABI,542
2022,2026-12-12,A,"AGRICULTURA, GANADERÍA,  SILVICULTURA Y PESCA.",MANABI,293
2022,2026-09-09,M,"ACTIVIDADES PROFESIONALES, CIENTÍFICAS Y TÉCNICAS.",MANABI,328
2022,2026-05-05,Q,ACTIVIDADES DE ATENCIÓN DE LA SALUD HUMANA Y DE ASISTENCIA SOCIAL.,MANABI,64
2022,2026-06-06,A,"AGRICULTURA, GANADERÍA,  SILVICULTURA Y PESCA.",MANABI,242
2022,2026-11-11,I,ACTIVIDADES DE ALOJAMIENTO Y DE SERVICIO DE COMIDAS.,MANABI,90
2022,2026-11-11,L,ACTIVIDADES INMOBILIARIAS.,MANABI,21
2022,2026-11-11,M,"ACTIVIDADES PROFESIONALES, CIENTÍFICAS Y TÉCNICAS.",MANABI,120
2022,2026-06-06,C,INDUSTRIAS MANUFACTURERAS.,MANABI,96
2022,2026-01-01,A,"AGRICULTURA, GANADERÍA,  SILVICULTURA Y PESCA.",MANABI,475
2022,2026-01-01,N,ACTIVIDADES DE SERVICIOS ADMINISTRATIVOS Y DE APOYO.,MANABI,45
2022,2026-04-04,Q,ACTIVIDADES DE ATENCIÓN DE LA SALUD HUMANA Y DE ASISTENCIA SOCIAL.,MANABI,70
2022,2026-07-07,I,ACTIVIDADES DE ALOJAMIENTO Y DE SERVICIO DE COMIDAS.,MANABI,93
2022,2026-03-03,R,"ARTES, ENTRETENIMIENTO Y RECREACIÓN.",MANABI,35
2022,2026-09-09,H,TRANSPORTE Y ALMACENAMIENTO.,MANABI,69
2022,2026-01-01,F,CONSTRUCCIÓN.,MANABI,33
2022,2026-04-04,L,ACTIVIDADES INMOBILIARIAS.,MANABI,22
2022,2026-12-12,R,"ARTES, ENTRETENIMIENTO Y RECREACIÓN.",MANABI,19
2022,2026-05-05,F,CONSTRUCCIÓN.,MANABI,28
2022,2026-08-08,L,ACTIVIDADES INMOBILIARIAS.,MANABI,16
2022,2026-04-04,J,INFORMACIÓN Y COMUNICACIÓN.,MANABI,14
2022,2026-07-07,R,"ARTES, ENTRETENIMIENTO Y RECREACIÓN.",MANABI,19
2022,2026-09-09,J,INFORMACIÓN Y COMUNICACIÓN.,MANABI,15
2022,2026-01-01,J,INFORMACIÓN Y COMUNICACIÓN.,MANABI,8
2022,2026-11-11,P,ENSEÑANZA.,MANABI,36
2022,2026-01-01,T,ACTIVIDADES DE LOS HOGARES COMO EMPLEADORES; ACTIVIDADES NO DIFERENCIADAS DE LOS HOGARES COMO PRODUCTORES DE BIENES Y SERVICIOS PARA USO PROPIO.,MANABI,10
2022,2026-04-04,D,"SUMINISTRO DE ELECTRICIDAD, GAS, VAPOR Y AIRE ACONDICIONADO.",MANABI,2
2022,2026-10-10,C,INDUSTRIAS MANUFACTURERAS.,MANABI,116
2022,2026-06-06,G,COMERCIO AL POR MAYOR Y AL POR MENOR; REPARACIÓN DE VEHÍCULOS AUTOMOTORES Y MOTOCICLETAS.,MANABI,652
2022,2026-09-09,S,OTRAS ACTIVIDADES DE SERVICIOS.,MANABI,541
2022,2026-06-06,M,"ACTIVIDADES PROFESIONALES, CIENTÍFICAS Y TÉCNICAS.",MANABI,132
2022,2026-02-02,S,OTRAS ACTIVIDADES DE SERVICIOS.,MANABI,253
2022,2026-08-08,Q,ACTIVIDADES DE ATENCIÓN DE LA SALUD HUMANA Y DE ASISTENCIA SOCIAL.,MANABI,61
2022,2026-04-04,F,CONSTRUCCIÓN.,MANABI,38
2022,2026-09-09,F,CONSTRUCCIÓN.,MANABI,48
2022,2026-03-03,Q,ACTIVIDADES DE ATENCIÓN DE LA SALUD HUMANA Y DE ASISTENCIA SOCIAL.,MANABI,83
2022,2026-05-05,A,"AGRICULTURA, GANADERÍA,  SILVICULTURA Y PESCA.",MANABI,254
2022,2026-11-11,H,TRANSPORTE Y ALMACENAMIENTO.,MANABI,49
2022,2026-04-04,S,OTRAS ACTIVIDADES DE SERVICIOS.,MANABI,333
2022,2026-06-06,T,ACTIVIDADES DE LOS HOGARES COMO EMPLEADORES; ACTIVIDADES NO DIFERENCIADAS DE LOS HOGARES COMO PRODUCTORES DE BIENES Y SERVICIOS PARA USO PROPIO.,MANABI,10
2022,2026-11-11,C,INDUSTRIAS MANUFACTURERAS.,MANABI,118
2022,2026-11-11,N,ACTIVIDADES DE SERVICIOS ADMINISTRATIVOS Y DE APOYO.,MANABI,21
2022,2026-12-12,P,ENSEÑANZA.,MANABI,17
2022,2026-07-07,P,ENSEÑANZA.,MANABI,47
2022,2026-10-10,L,ACTIVIDADES INMOBILIARIAS.,MANABI,15
2022,2026-01-01,P,ENSEÑANZA.,MANABI,22
2022,2026-10-10,P,ENSEÑANZA.,MANABI,34
2022,2026-04-04,N,ACTIVIDADES DE SERVICIOS ADMINISTRATIVOS Y DE APOYO.,MANABI,55
2022,2026-10-10,H,TRANSPORTE Y ALMACENAMIENTO.,MANABI,42
2022,2026-08-08,C,INDUSTRIAS MANUFACTURERAS.,MANABI,123
2022,2026-06-06,J,INFORMACIÓN Y COMUNICACIÓN.,MANABI,14
2022,2026-01-01,K,ACTIVIDADES FINANCIERAS Y DE SEGUROS.,MANABI,2
2022,2026-10-10,J,INFORMACIÓN Y COMUNICACIÓN.,MANABI,15
2022,2026-02-02,J,INFORMACIÓN Y COMUNICACIÓN.,MANABI,5
2022,2026-07-07,T,ACTIVIDADES DE LOS HOGARES COMO EMPLEADORES; ACTIVIDADES NO DIFERENCIADAS DE LOS HOGARES COMO PRODUCTORES DE BIENES Y SERVICIOS PARA USO PROPIO.,MANABI,11
2022,2026-05-05,S,OTRAS ACTIVIDADES DE SERVICIOS.,MANABI,313
2022,2026-05-05,C,INDUSTRIAS MANUFACTURERAS.,MANABI,78
2022,2026-03-03,A,"AGRICULTURA, GANADERÍA,  SILVICULTURA Y PESCA.",MANABI,428
2022,2026-04-04,R,"ARTES, ENTRETENIMIENTO Y RECREACIÓN.",MANABI,39
2022,2026-02-02,G,COMERCIO AL POR MAYOR Y AL POR MENOR; REPARACIÓN DE VEHÍCULOS AUTOMOTORES Y MOTOCICLETAS.,MANABI,665
2022,2026-09-09,G,COMERCIO AL POR MAYOR Y AL POR MENOR; REPARACIÓN DE VEHÍCULOS AUTOMOTORES Y MOTOCICLETAS.,MANABI,789
2022,2026-03-03,N,ACTIVIDADES DE SERVICIOS ADMINISTRATIVOS Y DE APOYO.,MANABI,56
2022,2026-01-01,S,OTRAS ACTIVIDADES DE SERVICIOS.,MANABI,287
2022,2026-07-07,A,"AGRICULTURA, GANADERÍA,  SILVICULTURA Y PESCA.",MANABI,232
2022,2026-06-06,R,"ARTES, ENTRETENIMIENTO Y RECREACIÓN.",MANABI,28
2022,2026-01-01,M,"ACTIVIDADES PROFESIONALES, CIENTÍFICAS Y TÉCNICAS.",MANABI,123
2022,2026-03-03,P,ENSEÑANZA.,MANABI,71
2022,2026-02-02,P,ENSEÑANZA.,MANABI,75
2022,2026-07-07,L,ACTIVIDADES INMOBILIARIAS.,MANABI,22
2022,2026-03-03,T,ACTIVIDADES DE LOS HOGARES COMO EMPLEADORES; ACTIVIDADES NO DIFERENCIADAS DE LOS HOGARES COMO PRODUCTORES DE BIENES Y SERVICIOS PARA USO PROPIO.,MANABI,12
2022,2026-12-12,J,INFORMACIÓN Y COMUNICACIÓN.,MANABI,18
2022,2026-09-09,R,"ARTES, ENTRETENIMIENTO Y RECREACIÓN.",MANABI,40
2022,2026-01-01,H,TRANSPORTE Y ALMACENAMIENTO.,MANABI,30
2022,2026-10-10,R,"ARTES, ENTRETENIMIENTO Y RECREACIÓN.",MANABI,31
2022,2026-12-12,F,CONSTRUCCIÓN.,MANABI,29
2022,2026-08-08,J,INFORMACIÓN Y COMUNICACIÓN.,MANABI,21
2022,2026-11-11,F,CONSTRUCCIÓN.,MANABI,34
2022,2026-05-05,L,ACTIVIDADES INMOBILIARIAS.,MANABI,19
2022,2026-07-07,J,INFORMACIÓN Y COMUNICACIÓN.,MANABI,9
2022,2026-01-01,E,"DISTRIBUCIÓN DE AGUA; ALCANTARILLADO, GESTIÓN DE DESECHOS Y ACTIVIDADES DE SANEAMIENTO.",MANABI,2
2024,2026-06-06,A,"AGRICULTURA, GANADERÍA,  SILVICULTURA Y PESCA.",MANABI,147
2024,2026-08-08,A,"AGRICULTURA, GANADERÍA,  SILVICULTURA Y PESCA.",MANABI,184
2024,2026-04-04,E,"DISTRIBUCIÓN DE AGUA; ALCANTARILLADO, GESTIÓN DE DESECHOS Y ACTIVIDADES DE SANEAMIENTO.",MANABI,2
2024,2026-08-08,C,INDUSTRIAS MANUFACTURERAS.,MANABI,110
2024,2026-12-12,R,"ARTES, ENTRETENIMIENTO Y RECREACIÓN.",MANABI,14
2024,2026-03-03,J,INFORMACIÓN Y COMUNICACIÓN.,MANABI,18
2024,2026-02-02,H,TRANSPORTE Y ALMACENAMIENTO.,MANABI,35
2024,2026-02-02,C,INDUSTRIAS MANUFACTURERAS.,MANABI,79
2024,2026-01-01,J,INFORMACIÓN Y COMUNICACIÓN.,MANABI,13
2024,2026-08-08,L,ACTIVIDADES INMOBILIARIAS.,MANABI,18
2024,2026-09-09,Q,ACTIVIDADES DE ATENCIÓN DE LA SALUD HUMANA Y DE ASISTENCIA SOCIAL.,MANABI,59
2024,2026-10-10,C,INDUSTRIAS MANUFACTURERAS.,MANABI,76
2024,2026-05-05,D,"SUMINISTRO DE ELECTRICIDAD, GAS, VAPOR Y AIRE ACONDICIONADO.",MANABI,3
2024,2026-08-08,N,ACTIVIDADES DE SERVICIOS ADMINISTRATIVOS Y DE APOYO.,MANABI,33
2024,2026-08-08,F,CONSTRUCCIÓN.,MANABI,34
2024,2026-06-06,F,CONSTRUCCIÓN.,MANABI,35
2024,2026-02-02,L,ACTIVIDADES INMOBILIARIAS.,MANABI,19
2024,2026-07-07,J,INFORMACIÓN Y COMUNICACIÓN.,MANABI,10
2024,2026-08-08,Q,ACTIVIDADES DE ATENCIÓN DE LA SALUD HUMANA Y DE ASISTENCIA SOCIAL.,MANABI,50
2024,2026-05-05,F,CONSTRUCCIÓN.,MANABI,31
2024,2026-11-11,N,ACTIVIDADES DE SERVICIOS ADMINISTRATIVOS Y DE APOYO.,MANABI,38
2024,2026-05-05,A,"AGRICULTURA, GANADERÍA,  SILVICULTURA Y PESCA.",MANABI,181
2024,2026-02-02,S,OTRAS ACTIVIDADES DE SERVICIOS.,MANABI,407
2024,2026-06-06,G,COMERCIO AL POR MAYOR Y AL POR MENOR; REPARACIÓN DE VEHÍCULOS AUTOMOTORES Y MOTOCICLETAS.,MANABI,494
2024,2026-07-07,A,"AGRICULTURA, GANADERÍA,  SILVICULTURA Y PESCA.",MANABI,169
2024,2026-07-07,M,"ACTIVIDADES PROFESIONALES, CIENTÍFICAS Y TÉCNICAS.",MANABI,183
2024,2026-05-05,M,"ACTIVIDADES PROFESIONALES, CIENTÍFICAS Y TÉCNICAS.",MANABI,153
2024,2026-03-03,H,TRANSPORTE Y ALMACENAMIENTO.,MANABI,34
2024,2026-08-08,S,OTRAS ACTIVIDADES DE SERVICIOS.,MANABI,421
2024,2026-12-12,L,ACTIVIDADES INMOBILIARIAS.,MANABI,4
2024,2026-11-11,E,"DISTRIBUCIÓN DE AGUA; ALCANTARILLADO, GESTIÓN DE DESECHOS Y ACTIVIDADES DE SANEAMIENTO.",MANABI,4
2024,2026-02-02,G,COMERCIO AL POR MAYOR Y AL POR MENOR; REPARACIÓN DE VEHÍCULOS AUTOMOTORES Y MOTOCICLETAS.,MANABI,535
2024,2026-09-09,G,COMERCIO AL POR MAYOR Y AL POR MENOR; REPARACIÓN DE VEHÍCULOS AUTOMOTORES Y MOTOCICLETAS.,MANABI,468
2024,2026-10-10,F,CONSTRUCCIÓN.,MANABI,47
2024,2026-03-03,R,"ARTES, ENTRETENIMIENTO Y RECREACIÓN.",MANABI,38
2024,2026-11-11,M,"ACTIVIDADES PROFESIONALES, CIENTÍFICAS Y TÉCNICAS.",MANABI,130
2024,2026-09-09,I,ACTIVIDADES DE ALOJAMIENTO Y DE SERVICIO DE COMIDAS.,MANABI,91
2024,2026-02-02,P,ENSEÑANZA.,MANABI,36
2024,2026-08-08,J,INFORMACIÓN Y COMUNICACIÓN.,MANABI,11
2024,2026-05-05,E,"DISTRIBUCIÓN DE AGUA; ALCANTARILLADO, GESTIÓN DE DESECHOS Y ACTIVIDADES DE SANEAMIENTO.",MANABI,2
2024,2026-04-04,L,ACTIVIDADES INMOBILIARIAS.,MANABI,20
2024,2026-08-08,P,ENSEÑANZA.,MANABI,28
2024,2026-11-11,J,INFORMACIÓN Y COMUNICACIÓN.,MANABI,3
2024,2026-08-08,T,ACTIVIDADES DE LOS HOGARES COMO EMPLEADORES; ACTIVIDADES NO DIFERENCIADAS DE LOS HOGARES COMO PRODUCTORES DE BIENES Y SERVICIOS PARA USO PROPIO.,MANABI,10
2024,2026-01-01,I,ACTIVIDADES DE ALOJAMIENTO Y DE SERVICIO DE COMIDAS.,MANABI,83
2024,2026-02-02,Q,ACTIVIDADES DE ATENCIÓN DE LA SALUD HUMANA Y DE ASISTENCIA SOCIAL.,MANABI,75
2024,2026-06-06,L,ACTIVIDADES INMOBILIARIAS.,MANABI,16
2024,2026-06-06,M,"ACTIVIDADES PROFESIONALES, CIENTÍFICAS Y TÉCNICAS.",MANABI,132
2024,2026-03-03,Q,ACTIVIDADES DE ATENCIÓN DE LA SALUD HUMANA Y DE ASISTENCIA SOCIAL.,MANABI,80
2024,2026-07-07,R,"ARTES, ENTRETENIMIENTO Y RECREACIÓN.",MANABI,24
2024,2026-03-03,M,"ACTIVIDADES PROFESIONALES, CIENTÍFICAS Y TÉCNICAS.",MANABI,165
2024,2026-04-04,M,"ACTIVIDADES PROFESIONALES, CIENTÍFICAS Y TÉCNICAS.",MANABI,140
2024,2026-09-09,R,"ARTES, ENTRETENIMIENTO Y RECREACIÓN.",MANABI,15
2024,2026-04-04,R,"ARTES, ENTRETENIMIENTO Y RECREACIÓN.",MANABI,36
2024,2026-02-02,R,"ARTES, ENTRETENIMIENTO Y RECREACIÓN.",MANABI,36
2024,2026-10-10,A,"AGRICULTURA, GANADERÍA,  SILVICULTURA Y PESCA.",MANABI,222
2024,2026-11-11,R,"ARTES, ENTRETENIMIENTO Y RECREACIÓN.",MANABI,11
2024,2026-07-07,Q,ACTIVIDADES DE ATENCIÓN DE LA SALUD HUMANA Y DE ASISTENCIA SOCIAL.,MANABI,57
2024,2026-06-06,P,ENSEÑANZA.,MANABI,53
2024,2026-06-06,I,ACTIVIDADES DE ALOJAMIENTO Y DE SERVICIO DE COMIDAS.,MANABI,106
2024,2026-06-06,N,ACTIVIDADES DE SERVICIOS ADMINISTRATIVOS Y DE APOYO.,MANABI,34
2024,2026-04-04,I,ACTIVIDADES DE ALOJAMIENTO Y DE SERVICIO DE COMIDAS.,MANABI,119
2024,2026-07-07,S,OTRAS ACTIVIDADES DE SERVICIOS.,MANABI,414
2024,2026-03-03,I,ACTIVIDADES DE ALOJAMIENTO Y DE SERVICIO DE COMIDAS.,MANABI,113
2024,2026-06-06,Q,ACTIVIDADES DE ATENCIÓN DE LA SALUD HUMANA Y DE ASISTENCIA SOCIAL.,MANABI,53
2024,2026-09-09,N,ACTIVIDADES DE SERVICIOS ADMINISTRATIVOS Y DE APOYO.,MANABI,29
2024,2026-09-09,S,OTRAS ACTIVIDADES DE SERVICIOS.,MANABI,361
2024,2026-10-10,M,"ACTIVIDADES PROFESIONALES, CIENTÍFICAS Y TÉCNICAS.",MANABI,99
2024,2026-02-02,F,CONSTRUCCIÓN.,MANABI,30
2024,2026-08-08,G,COMERCIO AL POR MAYOR Y AL POR MENOR; REPARACIÓN DE VEHÍCULOS AUTOMOTORES Y MOTOCICLETAS.,MANABI,554
2024,2026-04-04,S,OTRAS ACTIVIDADES DE SERVICIOS.,MANABI,458
2024,2026-10-10,I,ACTIVIDADES DE ALOJAMIENTO Y DE SERVICIO DE COMIDAS.,MANABI,82
2024,2026-12-12,F,CONSTRUCCIÓN.,MANABI,29
2024,2026-05-05,L,ACTIVIDADES INMOBILIARIAS.,MANABI,13
2024,2026-11-11,T,ACTIVIDADES DE LOS HOGARES COMO EMPLEADORES; ACTIVIDADES NO DIFERENCIADAS DE LOS HOGARES COMO PRODUCTORES DE BIENES Y SERVICIOS PARA USO PROPIO.,MANABI,10
2024,2026-07-07,G,COMERCIO AL POR MAYOR Y AL POR MENOR; REPARACIÓN DE VEHÍCULOS AUTOMOTORES Y MOTOCICLETAS.,MANABI,576
2024,2026-01-01,Q,ACTIVIDADES DE ATENCIÓN DE LA SALUD HUMANA Y DE ASISTENCIA SOCIAL.,MANABI,74
2024,2026-11-11,S,OTRAS ACTIVIDADES DE SERVICIOS.,MANABI,369
2024,2026-05-05,G,COMERCIO AL POR MAYOR Y AL POR MENOR; REPARACIÓN DE VEHÍCULOS AUTOMOTORES Y MOTOCICLETAS.,MANABI,568
2024,2026-01-01,M,"ACTIVIDADES PROFESIONALES, CIENTÍFICAS Y TÉCNICAS.",MANABI,133
2024,2026-04-04,N,ACTIVIDADES DE SERVICIOS ADMINISTRATIVOS Y DE APOYO.,MANABI,49
2024,2026-09-09,A,"AGRICULTURA, GANADERÍA,  SILVICULTURA Y PESCA.",MANABI,183
2024,2026-10-10,Q,ACTIVIDADES DE ATENCIÓN DE LA SALUD HUMANA Y DE ASISTENCIA SOCIAL.,MANABI,58
2024,2026-12-12,H,TRANSPORTE Y ALMACENAMIENTO.,MANABI,81
2024,2026-05-05,P,ENSEÑANZA.,MANABI,69
2024,2026-06-06,H,TRANSPORTE Y ALMACENAMIENTO.,MANABI,41
2024,2026-08-08,H,TRANSPORTE Y ALMACENAMIENTO.,MANABI,54
2024,2026-10-10,R,"ARTES, ENTRETENIMIENTO Y RECREACIÓN.",MANABI,18
2024,2026-06-06,T,ACTIVIDADES DE LOS HOGARES COMO EMPLEADORES; ACTIVIDADES NO DIFERENCIADAS DE LOS HOGARES COMO PRODUCTORES DE BIENES Y SERVICIOS PARA USO PROPIO.,MANABI,6
2024,2026-04-04,G,COMERCIO AL POR MAYOR Y AL POR MENOR; REPARACIÓN DE VEHÍCULOS AUTOMOTORES Y MOTOCICLETAS.,MANABI,588
2024,2026-03-03,C,INDUSTRIAS MANUFACTURERAS.,MANABI,190
2024,2026-12-12,E,"DISTRIBUCIÓN DE AGUA; ALCANTARILLADO, GESTIÓN DE DESECHOS Y ACTIVIDADES DE SANEAMIENTO.",MANABI,3
2024,2026-04-04,J,INFORMACIÓN Y COMUNICACIÓN.,MANABI,12
2024,2026-06-06,R,"ARTES, ENTRETENIMIENTO Y RECREACIÓN.",MANABI,26
2024,2026-08-08,R,"ARTES, ENTRETENIMIENTO Y RECREACIÓN.",MANABI,26
2024,2026-11-11,P,ENSEÑANZA.,MANABI,28
2024,2026-01-01,G,COMERCIO AL POR MAYOR Y AL POR MENOR; REPARACIÓN DE VEHÍCULOS AUTOMOTORES Y MOTOCICLETAS.,MANABI,494
2024,2026-06-06,S,OTRAS ACTIVIDADES DE SERVICIOS.,MANABI,379
2024,2026-05-05,C,INDUSTRIAS MANUFACTURERAS.,MANABI,100
2024,2026-03-03,A,"AGRICULTURA, GANADERÍA,  SILVICULTURA Y PESCA.",MANABI,176
2024,2026-04-04,A,"AGRICULTURA, GANADERÍA,  SILVICULTURA Y PESCA.",MANABI,147
2024,2026-04-04,H,TRANSPORTE Y ALMACENAMIENTO.,MANABI,33
2024,2026-12-12,M,"ACTIVIDADES PROFESIONALES, CIENTÍFICAS Y TÉCNICAS.",MANABI,88
2024,2026-02-02,M,"ACTIVIDADES PROFESIONALES, CIENTÍFICAS Y TÉCNICAS.",MANABI,124
2024,2026-01-01,N,ACTIVIDADES DE SERVICIOS ADMINISTRATIVOS Y DE APOYO.,MANABI,40
2024,2026-07-07,N,ACTIVIDADES DE SERVICIOS ADMINISTRATIVOS Y DE APOYO.,MANABI,35
2024,2026-02-02,E,"DISTRIBUCIÓN DE AGUA; ALCANTARILLADO, GESTIÓN DE DESECHOS Y ACTIVIDADES DE SANEAMIENTO.",MANABI,6
2024,2026-11-11,D,"SUMINISTRO DE ELECTRICIDAD, GAS, VAPOR Y AIRE ACONDICIONADO.",MANABI,3
2024,2026-04-04,T,ACTIVIDADES DE LOS HOGARES COMO EMPLEADORES; ACTIVIDADES NO DIFERENCIADAS DE LOS HOGARES COMO PRODUCTORES DE BIENES Y SERVICIOS PARA USO PROPIO.,MANABI,15
2024,2026-12-12,Q,ACTIVIDADES DE ATENCIÓN DE LA SALUD HUMANA Y DE ASISTENCIA SOCIAL.,MANABI,32
2024,2026-01-01,C,INDUSTRIAS MANUFACTURERAS.,MANABI,90
2024,2026-03-03,G,COMERCIO AL POR MAYOR Y AL POR MENOR; REPARACIÓN DE VEHÍCULOS AUTOMOTORES Y MOTOCICLETAS.,MANABI,632
2024,2026-11-11,G,COMERCIO AL POR MAYOR Y AL POR MENOR; REPARACIÓN DE VEHÍCULOS AUTOMOTORES Y MOTOCICLETAS.,MANABI,488
2024,2026-04-04,C,INDUSTRIAS MANUFACTURERAS.,MANABI,97
2024,2026-07-07,C,INDUSTRIAS MANUFACTURERAS.,MANABI,107
2024,2026-06-06,C,INDUSTRIAS MANUFACTURERAS.,MANABI,76
2024,2026-01-01,H,TRANSPORTE Y ALMACENAMIENTO.,MANABI,47
2024,2026-11-11,Q,ACTIVIDADES DE ATENCIÓN DE LA SALUD HUMANA Y DE ASISTENCIA SOCIAL.,MANABI,55
2024,2026-07-07,P,ENSEÑANZA.,MANABI,43
2024,2026-07-07,F,CONSTRUCCIÓN.,MANABI,35
2024,2026-04-04,Q,ACTIVIDADES DE ATENCIÓN DE LA SALUD HUMANA Y DE ASISTENCIA SOCIAL.,MANABI,66
2024,2026-09-09,F,CONSTRUCCIÓN.,MANABI,37
2024,2026-10-10,L,ACTIVIDADES INMOBILIARIAS.,MANABI,11
2024,2026-03-03,L,ACTIVIDADES INMOBILIARIAS.,MANABI,14
2024,2026-07-07,T,ACTIVIDADES DE LOS HOGARES COMO EMPLEADORES; ACTIVIDADES NO DIFERENCIADAS DE LOS HOGARES COMO PRODUCTORES DE BIENES Y SERVICIOS PARA USO PROPIO.,MANABI,13
2024,2026-02-02,N,ACTIVIDADES DE SERVICIOS ADMINISTRATIVOS Y DE APOYO.,MANABI,29
2024,2026-03-03,F,CONSTRUCCIÓN.,MANABI,47
2024,2026-06-06,J,INFORMACIÓN Y COMUNICACIÓN.,MANABI,5
2024,2026-08-08,M,"ACTIVIDADES PROFESIONALES, CIENTÍFICAS Y TÉCNICAS.",MANABI,131
2024,2026-09-09,M,"ACTIVIDADES PROFESIONALES, CIENTÍFICAS Y TÉCNICAS.",MANABI,121
2024,2026-11-11,C,INDUSTRIAS MANUFACTURERAS.,MANABI,80
2024,2026-12-12,A,"AGRICULTURA, GANADERÍA,  SILVICULTURA Y PESCA.",MANABI,212
2024,2026-03-03,E,"DISTRIBUCIÓN DE AGUA; ALCANTARILLADO, GESTIÓN DE DESECHOS Y ACTIVIDADES DE SANEAMIENTO.",MANABI,2
2024,2026-09-09,L,ACTIVIDADES INMOBILIARIAS.,MANABI,13
2024,2026-01-01,T,ACTIVIDADES DE LOS HOGARES COMO EMPLEADORES; ACTIVIDADES NO DIFERENCIADAS DE LOS HOGARES COMO PRODUCTORES DE BIENES Y SERVICIOS PARA USO PROPIO.,MANABI,14
2024,2026-02-02,I,ACTIVIDADES DE ALOJAMIENTO Y DE SERVICIO DE COMIDAS.,MANABI,81
2024,2026-09-09,H,TRANSPORTE Y ALMACENAMIENTO.,MANABI,34
2024,2026-10-10,T,ACTIVIDADES DE LOS HOGARES COMO EMPLEADORES; ACTIVIDADES NO DIFERENCIADAS DE LOS HOGARES COMO PRODUCTORES DE BIENES Y SERVICIOS PARA USO PROPIO.,MANABI,6
2024,2026-12-12,S,OTRAS ACTIVIDADES DE SERVICIOS.,MANABI,366
2024,2026-03-03,S,OTRAS ACTIVIDADES DE SERVICIOS.,MANABI,477
2024,2026-01-01,P,ENSEÑANZA.,MANABI,25
2024,2026-05-05,R,"ARTES, ENTRETENIMIENTO Y RECREACIÓN.",MANABI,30
2024,2026-01-01,A,"AGRICULTURA, GANADERÍA,  SILVICULTURA Y PESCA.",MANABI,216
2024,2026-08-08,I,ACTIVIDADES DE ALOJAMIENTO Y DE SERVICIO DE COMIDAS.,MANABI,85
2024,2026-05-05,H,TRANSPORTE Y ALMACENAMIENTO.,MANABI,56
2024,2026-09-09,E,"DISTRIBUCIÓN DE AGUA; ALCANTARILLADO, GESTIÓN DE DESECHOS Y ACTIVIDADES DE SANEAMIENTO.",MANABI,4
2024,2026-12-12,T,ACTIVIDADES DE LOS HOGARES COMO EMPLEADORES; ACTIVIDADES NO DIFERENCIADAS DE LOS HOGARES COMO PRODUCTORES DE BIENES Y SERVICIOS PARA USO PROPIO.,MANABI,3
2024,2026-03-03,P,ENSEÑANZA.,MANABI,52
2024,2026-02-02,A,"AGRICULTURA, GANADERÍA,  SILVICULTURA Y PESCA.",MANABI,157
2024,2026-09-09,C,INDUSTRIAS MANUFACTURERAS.,MANABI,83
2024,2026-10-10,S,OTRAS ACTIVIDADES DE SERVICIOS.,MANABI,472
2024,2026-10-10,N,ACTIVIDADES DE SERVICIOS ADMINISTRATIVOS Y DE APOYO.,MANABI,37
2024,2026-12-12,C,INDUSTRIAS MANUFACTURERAS.,MANABI,64
2024,2026-05-05,N,ACTIVIDADES DE SERVICIOS ADMINISTRATIVOS Y DE APOYO.,MANABI,33
2024,2026-11-11,I,ACTIVIDADES DE ALOJAMIENTO Y DE SERVICIO DE COMIDAS.,MANABI,64
2024,2026-04-04,F,CONSTRUCCIÓN.,MANABI,36
2024,2026-07-07,H,TRANSPORTE Y ALMACENAMIENTO.,MANABI,47
2024,2026-01-01,R,"ARTES, ENTRETENIMIENTO Y RECREACIÓN.",MANABI,29
2024,2026-07-07,I,ACTIVIDADES DE ALOJAMIENTO Y DE SERVICIO DE COMIDAS.,MANABI,110
2024,2026-05-05,S,OTRAS ACTIVIDADES DE SERVICIOS.,MANABI,432
2024,2026-09-09,J,INFORMACIÓN Y COMUNICACIÓN.,MANABI,9
2024,2026-02-02,J,INFORMACIÓN Y COMUNICACIÓN.,MANABI,5
2024,2026-10-10,H,TRANSPORTE Y ALMACENAMIENTO.,MANABI,59
2024,2026-05-05,T,ACTIVIDADES DE LOS HOGARES COMO EMPLEADORES; ACTIVIDADES NO DIFERENCIADAS DE LOS HOGARES COMO PRODUCTORES DE BIENES Y SERVICIOS PARA USO PROPIO.,MANABI,8
2024,2026-05-05,J,INFORMACIÓN Y COMUNICACIÓN.,MANABI,12
2024,2026-12-12,P,ENSEÑANZA.,MANABI,26
2024,2026-01-01,L,ACTIVIDADES INMOBILIARIAS.,MANABI,11
2024,2026-03-03,T,ACTIVIDADES DE LOS HOGARES COMO EMPLEADORES; ACTIVIDADES NO DIFERENCIADAS DE LOS HOGARES COMO PRODUCTORES DE BIENES Y SERVICIOS PARA USO PROPIO.,MANABI,6
2024,2026-01-01,S,OTRAS ACTIVIDADES DE SERVICIOS.,MANABI,448
2024,2026-05-05,Q,ACTIVIDADES DE ATENCIÓN DE LA SALUD HUMANA Y DE ASISTENCIA SOCIAL.,MANABI,69
2024,2026-03-03,N,ACTIVIDADES DE SERVICIOS ADMINISTRATIVOS Y DE APOYO.,MANABI,36
2024,2026-05-05,I,ACTIVIDADES DE ALOJAMIENTO Y DE SERVICIO DE COMIDAS.,MANABI,109
2024,2026-01-01,K,ACTIVIDADES FINANCIERAS Y DE SEGUROS.,MANABI,4
2024,2026-07-07,L,ACTIVIDADES INMOBILIARIAS.,MANABI,18
2024,2026-08-08,E,"DISTRIBUCIÓN DE AGUA; ALCANTARILLADO, GESTIÓN DE DESECHOS Y ACTIVIDADES DE SANEAMIENTO.",MANABI,5
2024,2026-10-10,P,ENSEÑANZA.,MANABI,25
2024,2026-01-01,F,CONSTRUCCIÓN.,MANABI,29
2024,2026-11-11,F,CONSTRUCCIÓN.,MANABI,40
2024,2026-12-12,G,COMERCIO AL POR MAYOR Y AL POR MENOR; REPARACIÓN DE VEHÍCULOS AUTOMOTORES Y MOTOCICLETAS.,MANABI,371
2024,2026-11-11,A,"AGRICULTURA, GANADERÍA,  SILVICULTURA Y PESCA.",MANABI,209
2024,2026-04-04,P,ENSEÑANZA.,MANABI,86
2024,2026-10-10,G,COMERCIO AL POR MAYOR Y AL POR MENOR; REPARACIÓN DE VEHÍCULOS AUTOMOTORES Y MOTOCICLETAS.,MANABI,486
2024,2026-09-09,P,ENSEÑANZA.,MANABI,31
2024,2026-11-11,L,ACTIVIDADES INMOBILIARIAS.,MANABI,16
2024,2026-09-09,T,ACTIVIDADES DE LOS HOGARES COMO EMPLEADORES; ACTIVIDADES NO DIFERENCIADAS DE LOS HOGARES COMO PRODUCTORES DE BIENES Y SERVICIOS PARA USO PROPIO.,MANABI,2
2024,2026-10-10,J,INFORMACIÓN Y COMUNICACIÓN.,MANABI,7
2024,2026-10-10,E,"DISTRIBUCIÓN DE AGUA; ALCANTARILLADO, GESTIÓN DE DESECHOS Y ACTIVIDADES DE SANEAMIENTO.",MANABI,6
2024,2026-11-11,H,TRANSPORTE Y ALMACENAMIENTO.,MANABI,54
2024,2026-12-12,J,INFORMACIÓN Y COMUNICACIÓN.,MANABI,9
2024,2026-12-12,I,ACTIVIDADES DE ALOJAMIENTO Y DE SERVICIO DE COMIDAS.,MANABI,53
2024,2026-12-12,N,ACTIVIDADES DE SERVICIOS ADMINISTRATIVOS Y DE APOYO.,MANABI,33
2024,2026-02-02,T,ACTIVIDADES DE LOS HOGARES COMO EMPLEADORES; ACTIVIDADES NO DIFERENCIADAS DE LOS HOGARES COMO PRODUCTORES DE BIENES Y SERVICIOS PARA USO PROPIO.,MANABI,13
2023,2026-04-04,R,"ARTES, ENTRETENIMIENTO Y RECREACIÓN.",MANABI,20
2023,2026-02-02,R,"ARTES, ENTRETENIMIENTO Y RECREACIÓN.",MANABI,22
2023,2026-12-12,M,"ACTIVIDADES PROFESIONALES, CIENTÍFICAS Y TÉCNICAS.",MANABI,110
2023,2026-04-04,O,ADMINISTRACIÓN PÚBLICA Y DEFENSA; PLANES DE SEGURIDAD SOCIAL DE AFILIACIÓN OBLIGATORIA.,MANABI,5
2023,2026-02-02,M,"ACTIVIDADES PROFESIONALES, CIENTÍFICAS Y TÉCNICAS.",MANABI,105
2023,2026-07-07,P,ENSEÑANZA.,MANABI,44
2023,2026-08-08,R,"ARTES, ENTRETENIMIENTO Y RECREACIÓN.",MANABI,33
2023,2026-04-04,N,ACTIVIDADES DE SERVICIOS ADMINISTRATIVOS Y DE APOYO.,MANABI,47
2023,2026-09-09,Q,ACTIVIDADES DE ATENCIÓN DE LA SALUD HUMANA Y DE ASISTENCIA SOCIAL.,MANABI,79
2023,2026-01-01,A,"AGRICULTURA, GANADERÍA,  SILVICULTURA Y PESCA.",MANABI,282
2023,2026-01-01,J,INFORMACIÓN Y COMUNICACIÓN.,MANABI,17
2023,2026-05-05,H,TRANSPORTE Y ALMACENAMIENTO.,MANABI,56
2023,2026-03-03,G,COMERCIO AL POR MAYOR Y AL POR MENOR; REPARACIÓN DE VEHÍCULOS AUTOMOTORES Y MOTOCICLETAS.,MANABI,828
2023,2026-10-10,Q,ACTIVIDADES DE ATENCIÓN DE LA SALUD HUMANA Y DE ASISTENCIA SOCIAL.,MANABI,68
2023,2026-08-08,F,CONSTRUCCIÓN.,MANABI,43
2023,2026-06-06,P,ENSEÑANZA.,MANABI,43
2023,2026-01-01,N,ACTIVIDADES DE SERVICIOS ADMINISTRATIVOS Y DE APOYO.,MANABI,40
2023,2026-06-06,H,TRANSPORTE Y ALMACENAMIENTO.,MANABI,52
2023,2026-05-05,M,"ACTIVIDADES PROFESIONALES, CIENTÍFICAS Y TÉCNICAS.",MANABI,140
2023,2026-07-07,Q,ACTIVIDADES DE ATENCIÓN DE LA SALUD HUMANA Y DE ASISTENCIA SOCIAL.,MANABI,64
2023,2026-10-10,C,INDUSTRIAS MANUFACTURERAS.,MANABI,102
2023,2026-10-10,P,ENSEÑANZA.,MANABI,33
2023,2026-11-11,A,"AGRICULTURA, GANADERÍA,  SILVICULTURA Y PESCA.",MANABI,320
2023,2026-12-12,A,"AGRICULTURA, GANADERÍA,  SILVICULTURA Y PESCA.",MANABI,190
2023,2026-05-05,I,ACTIVIDADES DE ALOJAMIENTO Y DE SERVICIO DE COMIDAS.,MANABI,126
2023,2026-05-05,P,ENSEÑANZA.,MANABI,70
2023,2026-06-06,Q,ACTIVIDADES DE ATENCIÓN DE LA SALUD HUMANA Y DE ASISTENCIA SOCIAL.,MANABI,76
2023,2026-07-07,E,"DISTRIBUCIÓN DE AGUA; ALCANTARILLADO, GESTIÓN DE DESECHOS Y ACTIVIDADES DE SANEAMIENTO.",MANABI,4
2023,2026-10-10,I,ACTIVIDADES DE ALOJAMIENTO Y DE SERVICIO DE COMIDAS.,MANABI,95
2023,2026-05-05,E,"DISTRIBUCIÓN DE AGUA; ALCANTARILLADO, GESTIÓN DE DESECHOS Y ACTIVIDADES DE SANEAMIENTO.",MANABI,3
2023,2026-08-08,E,"DISTRIBUCIÓN DE AGUA; ALCANTARILLADO, GESTIÓN DE DESECHOS Y ACTIVIDADES DE SANEAMIENTO.",MANABI,3
2023,2026-10-10,E,"DISTRIBUCIÓN DE AGUA; ALCANTARILLADO, GESTIÓN DE DESECHOS Y ACTIVIDADES DE SANEAMIENTO.",MANABI,2
2023,2026-03-03,E,"DISTRIBUCIÓN DE AGUA; ALCANTARILLADO, GESTIÓN DE DESECHOS Y ACTIVIDADES DE SANEAMIENTO.",MANABI,4
2023,2026-07-07,A,"AGRICULTURA, GANADERÍA,  SILVICULTURA Y PESCA.",MANABI,180
2023,2026-08-08,A,"AGRICULTURA, GANADERÍA,  SILVICULTURA Y PESCA.",MANABI,232
2023,2026-02-02,A,"AGRICULTURA, GANADERÍA,  SILVICULTURA Y PESCA.",MANABI,165
2023,2026-06-06,L,ACTIVIDADES INMOBILIARIAS.,MANABI,10
2023,2026-06-06,M,"ACTIVIDADES PROFESIONALES, CIENTÍFICAS Y TÉCNICAS.",MANABI,141
2023,2026-01-01,C,INDUSTRIAS MANUFACTURERAS.,MANABI,132
2023,2026-10-10,G,COMERCIO AL POR MAYOR Y AL POR MENOR; REPARACIÓN DE VEHÍCULOS AUTOMOTORES Y MOTOCICLETAS.,MANABI,651
2023,2026-10-10,A,"AGRICULTURA, GANADERÍA,  SILVICULTURA Y PESCA.",MANABI,416
2023,2026-12-12,G,COMERCIO AL POR MAYOR Y AL POR MENOR; REPARACIÓN DE VEHÍCULOS AUTOMOTORES Y MOTOCICLETAS.,MANABI,338
2023,2026-02-02,F,CONSTRUCCIÓN.,MANABI,34
2023,2026-01-01,R,"ARTES, ENTRETENIMIENTO Y RECREACIÓN.",MANABI,35
2023,2026-08-08,Q,ACTIVIDADES DE ATENCIÓN DE LA SALUD HUMANA Y DE ASISTENCIA SOCIAL.,MANABI,69
2023,2026-11-11,I,ACTIVIDADES DE ALOJAMIENTO Y DE SERVICIO DE COMIDAS.,MANABI,95
2023,2026-06-06,A,"AGRICULTURA, GANADERÍA,  SILVICULTURA Y PESCA.",MANABI,203
2023,2026-07-07,C,INDUSTRIAS MANUFACTURERAS.,MANABI,115
2023,2026-07-07,I,ACTIVIDADES DE ALOJAMIENTO Y DE SERVICIO DE COMIDAS.,MANABI,93
2023,2026-03-03,F,CONSTRUCCIÓN.,MANABI,31
2023,2026-01-01,I,ACTIVIDADES DE ALOJAMIENTO Y DE SERVICIO DE COMIDAS.,MANABI,125
2023,2026-08-08,K,ACTIVIDADES FINANCIERAS Y DE SEGUROS.,MANABI,4
2023,2026-04-04,H,TRANSPORTE Y ALMACENAMIENTO.,MANABI,53
2023,2026-01-01,E,"DISTRIBUCIÓN DE AGUA; ALCANTARILLADO, GESTIÓN DE DESECHOS Y ACTIVIDADES DE SANEAMIENTO.",MANABI,2
2023,2026-02-02,J,INFORMACIÓN Y COMUNICACIÓN.,MANABI,11
2023,2026-05-05,T,ACTIVIDADES DE LOS HOGARES COMO EMPLEADORES; ACTIVIDADES NO DIFERENCIADAS DE LOS HOGARES COMO PRODUCTORES DE BIENES Y SERVICIOS PARA USO PROPIO.,MANABI,10
2023,2026-01-01,L,ACTIVIDADES INMOBILIARIAS.,MANABI,21
2023,2026-08-08,D,"SUMINISTRO DE ELECTRICIDAD, GAS, VAPOR Y AIRE ACONDICIONADO.",MANABI,2
2023,2026-12-12,L,ACTIVIDADES INMOBILIARIAS.,MANABI,10
2023,2026-08-08,G,COMERCIO AL POR MAYOR Y AL POR MENOR; REPARACIÓN DE VEHÍCULOS AUTOMOTORES Y MOTOCICLETAS.,MANABI,636
2023,2026-10-10,R,"ARTES, ENTRETENIMIENTO Y RECREACIÓN.",MANABI,30
2023,2026-07-07,G,COMERCIO AL POR MAYOR Y AL POR MENOR; REPARACIÓN DE VEHÍCULOS AUTOMOTORES Y MOTOCICLETAS.,MANABI,603
2023,2026-07-07,N,ACTIVIDADES DE SERVICIOS ADMINISTRATIVOS Y DE APOYO.,MANABI,40
2023,2026-03-03,A,"AGRICULTURA, GANADERÍA,  SILVICULTURA Y PESCA.",MANABI,247
2023,2026-11-11,C,INDUSTRIAS MANUFACTURERAS.,MANABI,86
2023,2026-10-10,L,ACTIVIDADES INMOBILIARIAS.,MANABI,15
2023,2026-05-05,G,COMERCIO AL POR MAYOR Y AL POR MENOR; REPARACIÓN DE VEHÍCULOS AUTOMOTORES Y MOTOCICLETAS.,MANABI,918
2023,2026-03-03,J,INFORMACIÓN Y COMUNICACIÓN.,MANABI,12
2023,2026-11-11,S,OTRAS ACTIVIDADES DE SERVICIOS.,MANABI,356
2023,2026-04-04,I,ACTIVIDADES DE ALOJAMIENTO Y DE SERVICIO DE COMIDAS.,MANABI,118
2023,2026-06-06,O,ADMINISTRACIÓN PÚBLICA Y DEFENSA; PLANES DE SEGURIDAD SOCIAL DE AFILIACIÓN OBLIGATORIA.,MANABI,2
2023,2026-04-04,A,"AGRICULTURA, GANADERÍA,  SILVICULTURA Y PESCA.",MANABI,179
2023,2026-10-10,M,"ACTIVIDADES PROFESIONALES, CIENTÍFICAS Y TÉCNICAS.",MANABI,127
2023,2026-07-07,M,"ACTIVIDADES PROFESIONALES, CIENTÍFICAS Y TÉCNICAS.",MANABI,132
2023,2026-06-06,I,ACTIVIDADES DE ALOJAMIENTO Y DE SERVICIO DE COMIDAS.,MANABI,113
2023,2026-08-08,S,OTRAS ACTIVIDADES DE SERVICIOS.,MANABI,409
2023,2026-09-09,A,"AGRICULTURA, GANADERÍA,  SILVICULTURA Y PESCA.",MANABI,286
2023,2026-09-09,I,ACTIVIDADES DE ALOJAMIENTO Y DE SERVICIO DE COMIDAS.,MANABI,90
2023,2026-04-04,K,ACTIVIDADES FINANCIERAS Y DE SEGUROS.,MANABI,9
2023,2026-12-12,H,TRANSPORTE Y ALMACENAMIENTO.,MANABI,36
2023,2026-07-07,K,ACTIVIDADES FINANCIERAS Y DE SEGUROS.,MANABI,3
2023,2026-04-04,L,ACTIVIDADES INMOBILIARIAS.,MANABI,15
2023,2026-08-08,M,"ACTIVIDADES PROFESIONALES, CIENTÍFICAS Y TÉCNICAS.",MANABI,168
2023,2026-11-11,P,ENSEÑANZA.,MANABI,38
2023,2026-07-07,S,OTRAS ACTIVIDADES DE SERVICIOS.,MANABI,358
2023,2026-09-09,T,ACTIVIDADES DE LOS HOGARES COMO EMPLEADORES; ACTIVIDADES NO DIFERENCIADAS DE LOS HOGARES COMO PRODUCTORES DE BIENES Y SERVICIOS PARA USO PROPIO.,MANABI,8
2023,2026-12-12,I,ACTIVIDADES DE ALOJAMIENTO Y DE SERVICIO DE COMIDAS.,MANABI,52
2023,2026-02-02,S,OTRAS ACTIVIDADES DE SERVICIOS.,MANABI,272
2023,2026-11-11,M,"ACTIVIDADES PROFESIONALES, CIENTÍFICAS Y TÉCNICAS.",MANABI,140
2023,2026-02-02,I,ACTIVIDADES DE ALOJAMIENTO Y DE SERVICIO DE COMIDAS.,MANABI,83
2023,2026-05-05,C,INDUSTRIAS MANUFACTURERAS.,MANABI,132
2023,2026-03-03,N,ACTIVIDADES DE SERVICIOS ADMINISTRATIVOS Y DE APOYO.,MANABI,56
2023,2026-06-06,N,ACTIVIDADES DE SERVICIOS ADMINISTRATIVOS Y DE APOYO.,MANABI,63
2023,2026-04-04,C,INDUSTRIAS MANUFACTURERAS.,MANABI,122
2023,2026-01-01,F,CONSTRUCCIÓN.,MANABI,44
2023,2026-09-09,R,"ARTES, ENTRETENIMIENTO Y RECREACIÓN.",MANABI,29
2023,2026-10-10,J,INFORMACIÓN Y COMUNICACIÓN.,MANABI,12
2023,2026-11-11,R,"ARTES, ENTRETENIMIENTO Y RECREACIÓN.",MANABI,20
2023,2026-12-12,P,ENSEÑANZA.,MANABI,23
2023,2026-12-12,N,ACTIVIDADES DE SERVICIOS ADMINISTRATIVOS Y DE APOYO.,MANABI,29
2023,2026-01-01,Q,ACTIVIDADES DE ATENCIÓN DE LA SALUD HUMANA Y DE ASISTENCIA SOCIAL.,MANABI,77
2023,2026-06-06,R,"ARTES, ENTRETENIMIENTO Y RECREACIÓN.",MANABI,26
2023,2026-07-07,J,INFORMACIÓN Y COMUNICACIÓN.,MANABI,16
2023,2026-09-09,F,CONSTRUCCIÓN.,MANABI,36
2023,2026-10-10,T,ACTIVIDADES DE LOS HOGARES COMO EMPLEADORES; ACTIVIDADES NO DIFERENCIADAS DE LOS HOGARES COMO PRODUCTORES DE BIENES Y SERVICIOS PARA USO PROPIO.,MANABI,9
2023,2026-07-07,T,ACTIVIDADES DE LOS HOGARES COMO EMPLEADORES; ACTIVIDADES NO DIFERENCIADAS DE LOS HOGARES COMO PRODUCTORES DE BIENES Y SERVICIOS PARA USO PROPIO.,MANABI,8
2023,2026-10-10,S,OTRAS ACTIVIDADES DE SERVICIOS.,MANABI,379
2023,2026-03-03,T,ACTIVIDADES DE LOS HOGARES COMO EMPLEADORES; ACTIVIDADES NO DIFERENCIADAS DE LOS HOGARES COMO PRODUCTORES DE BIENES Y SERVICIOS PARA USO PROPIO.,MANABI,11
2023,2026-04-04,T,ACTIVIDADES DE LOS HOGARES COMO EMPLEADORES; ACTIVIDADES NO DIFERENCIADAS DE LOS HOGARES COMO PRODUCTORES DE BIENES Y SERVICIOS PARA USO PROPIO.,MANABI,6
2023,2026-03-03,D,"SUMINISTRO DE ELECTRICIDAD, GAS, VAPOR Y AIRE ACONDICIONADO.",MANABI,2
2023,2026-07-07,F,CONSTRUCCIÓN.,MANABI,41
2023,2026-02-02,H,TRANSPORTE Y ALMACENAMIENTO.,MANABI,45
2023,2026-03-03,M,"ACTIVIDADES PROFESIONALES, CIENTÍFICAS Y TÉCNICAS.",MANABI,159
2023,2026-06-06,S,OTRAS ACTIVIDADES DE SERVICIOS.,MANABI,433
2023,2026-09-09,G,COMERCIO AL POR MAYOR Y AL POR MENOR; REPARACIÓN DE VEHÍCULOS AUTOMOTORES Y MOTOCICLETAS.,MANABI,610
2023,2026-04-04,M,"ACTIVIDADES PROFESIONALES, CIENTÍFICAS Y TÉCNICAS.",MANABI,128
2023,2026-08-08,H,TRANSPORTE Y ALMACENAMIENTO.,MANABI,44
2023,2026-03-03,Q,ACTIVIDADES DE ATENCIÓN DE LA SALUD HUMANA Y DE ASISTENCIA SOCIAL.,MANABI,78
2023,2026-03-03,H,TRANSPORTE Y ALMACENAMIENTO.,MANABI,53
2023,2026-01-01,P,ENSEÑANZA.,MANABI,26
2023,2026-08-08,J,INFORMACIÓN Y COMUNICACIÓN.,MANABI,10
2023,2026-02-02,Q,ACTIVIDADES DE ATENCIÓN DE LA SALUD HUMANA Y DE ASISTENCIA SOCIAL.,MANABI,66
2023,2026-04-04,J,INFORMACIÓN Y COMUNICACIÓN.,MANABI,11
2023,2026-01-01,M,"ACTIVIDADES PROFESIONALES, CIENTÍFICAS Y TÉCNICAS.",MANABI,161
2023,2026-03-03,S,OTRAS ACTIVIDADES DE SERVICIOS.,MANABI,372
2023,2026-05-05,F,CONSTRUCCIÓN.,MANABI,47
2023,2026-07-07,R,"ARTES, ENTRETENIMIENTO Y RECREACIÓN.",MANABI,33
2023,2026-03-03,K,ACTIVIDADES FINANCIERAS Y DE SEGUROS.,MANABI,2
2023,2026-09-09,N,ACTIVIDADES DE SERVICIOS ADMINISTRATIVOS Y DE APOYO.,MANABI,53
2023,2026-11-11,L,ACTIVIDADES INMOBILIARIAS.,MANABI,18
2023,2026-12-12,C,INDUSTRIAS MANUFACTURERAS.,MANABI,56
2023,2026-06-06,T,ACTIVIDADES DE LOS HOGARES COMO EMPLEADORES; ACTIVIDADES NO DIFERENCIADAS DE LOS HOGARES COMO PRODUCTORES DE BIENES Y SERVICIOS PARA USO PROPIO.,MANABI,11
2023,2026-11-11,E,"DISTRIBUCIÓN DE AGUA; ALCANTARILLADO, GESTIÓN DE DESECHOS Y ACTIVIDADES DE SANEAMIENTO.",MANABI,2
2023,2026-08-08,T,ACTIVIDADES DE LOS HOGARES COMO EMPLEADORES; ACTIVIDADES NO DIFERENCIADAS DE LOS HOGARES COMO PRODUCTORES DE BIENES Y SERVICIOS PARA USO PROPIO.,MANABI,9
2023,2026-09-09,C,INDUSTRIAS MANUFACTURERAS.,MANABI,104
2023,2026-02-02,C,INDUSTRIAS MANUFACTURERAS.,MANABI,124
2023,2026-02-02,T,ACTIVIDADES DE LOS HOGARES COMO EMPLEADORES; ACTIVIDADES NO DIFERENCIADAS DE LOS HOGARES COMO PRODUCTORES DE BIENES Y SERVICIOS PARA USO PROPIO.,MANABI,7
2023,2026-08-08,C,INDUSTRIAS MANUFACTURERAS.,MANABI,105
2023,2026-05-05,S,OTRAS ACTIVIDADES DE SERVICIOS.,MANABI,395
2023,2026-09-09,P,ENSEÑANZA.,MANABI,30
2023,2026-04-04,F,CONSTRUCCIÓN.,MANABI,32
2023,2026-05-05,A,"AGRICULTURA, GANADERÍA,  SILVICULTURA Y PESCA.",MANABI,249
2023,2026-02-02,N,ACTIVIDADES DE SERVICIOS ADMINISTRATIVOS Y DE APOYO.,MANABI,44
2023,2026-09-09,J,INFORMACIÓN Y COMUNICACIÓN.,MANABI,16
2023,2026-11-11,F,CONSTRUCCIÓN.,MANABI,39
2023,2026-12-12,S,OTRAS ACTIVIDADES DE SERVICIOS.,MANABI,273
2023,2026-03-03,P,ENSEÑANZA.,MANABI,34
2023,2026-05-05,N,ACTIVIDADES DE SERVICIOS ADMINISTRATIVOS Y DE APOYO.,MANABI,43
2023,2026-03-03,L,ACTIVIDADES INMOBILIARIAS.,MANABI,21
2023,2026-08-08,L,ACTIVIDADES INMOBILIARIAS.,MANABI,21
2023,2026-04-04,G,COMERCIO AL POR MAYOR Y AL POR MENOR; REPARACIÓN DE VEHÍCULOS AUTOMOTORES Y MOTOCICLETAS.,MANABI,709
2023,2026-03-03,C,INDUSTRIAS MANUFACTURERAS.,MANABI,142
2023,2026-09-09,M,"ACTIVIDADES PROFESIONALES, CIENTÍFICAS Y TÉCNICAS.",MANABI,117
2023,2026-08-08,N,ACTIVIDADES DE SERVICIOS ADMINISTRATIVOS Y DE APOYO.,MANABI,47
2023,2026-09-09,S,OTRAS ACTIVIDADES DE SERVICIOS.,MANABI,374
2023,2026-12-12,T,ACTIVIDADES DE LOS HOGARES COMO EMPLEADORES; ACTIVIDADES NO DIFERENCIADAS DE LOS HOGARES COMO PRODUCTORES DE BIENES Y SERVICIOS PARA USO PROPIO.,MANABI,4
2023,2026-02-02,G,COMERCIO AL POR MAYOR Y AL POR MENOR; REPARACIÓN DE VEHÍCULOS AUTOMOTORES Y MOTOCICLETAS.,MANABI,585
2023,2026-04-04,S,OTRAS ACTIVIDADES DE SERVICIOS.,MANABI,364
2023,2026-09-09,H,TRANSPORTE Y ALMACENAMIENTO.,MANABI,42
2023,2026-06-06,F,CONSTRUCCIÓN.,MANABI,37
2023,2026-02-02,P,ENSEÑANZA.,MANABI,23
2023,2026-05-05,R,"ARTES, ENTRETENIMIENTO Y RECREACIÓN.",MANABI,46
2023,2026-01-01,H,TRANSPORTE Y ALMACENAMIENTO.,MANABI,30
2023,2026-09-09,L,ACTIVIDADES INMOBILIARIAS.,MANABI,19
2023,2026-10-10,N,ACTIVIDADES DE SERVICIOS ADMINISTRATIVOS Y DE APOYO.,MANABI,47
2023,2026-11-11,Q,ACTIVIDADES DE ATENCIÓN DE LA SALUD HUMANA Y DE ASISTENCIA SOCIAL.,MANABI,68
2023,2026-11-11,J,INFORMACIÓN Y COMUNICACIÓN.,MANABI,13
2023,2026-11-11,H,TRANSPORTE Y ALMACENAMIENTO.,MANABI,40
2023,2026-11-11,N,ACTIVIDADES DE SERVICIOS ADMINISTRATIVOS Y DE APOYO.,MANABI,39
2023,2026-12-12,R,"ARTES, ENTRETENIMIENTO Y RECREACIÓN.",MANABI,22
2023,2026-03-03,R,"ARTES, ENTRETENIMIENTO Y RECREACIÓN.",MANABI,38
2023,2026-07-07,H,TRANSPORTE Y ALMACENAMIENTO.,MANABI,52
2023,2026-06-06,J,INFORMACIÓN Y COMUNICACIÓN.,MANABI,11
2023,2026-01-01,T,ACTIVIDADES DE LOS HOGARES COMO EMPLEADORES; ACTIVIDADES NO DIFERENCIADAS DE LOS HOGARES COMO PRODUCTORES DE BIENES Y SERVICIOS PARA USO PROPIO.,MANABI,12
2023,2026-04-04,E,"DISTRIBUCIÓN DE AGUA; ALCANTARILLADO, GESTIÓN DE DESECHOS Y ACTIVIDADES DE SANEAMIENTO.",MANABI,2
2023,2026-12-12,F,CONSTRUCCIÓN.,MANABI,27
2023,2026-07-07,L,ACTIVIDADES INMOBILIARIAS.,MANABI,11
2023,2026-05-05,L,ACTIVIDADES INMOBILIARIAS.,MANABI,15
2023,2026-05-05,Q,ACTIVIDADES DE ATENCIÓN DE LA SALUD HUMANA Y DE ASISTENCIA SOCIAL.,MANABI,84
2023,2026-06-06,G,COMERCIO AL POR MAYOR Y AL POR MENOR; REPARACIÓN DE VEHÍCULOS AUTOMOTORES Y MOTOCICLETAS.,MANABI,703
2023,2026-03-03,I,ACTIVIDADES DE ALOJAMIENTO Y DE SERVICIO DE COMIDAS.,MANABI,134
2023,2026-01-01,S,OTRAS ACTIVIDADES DE SERVICIOS.,MANABI,591
2023,2026-01-01,G,COMERCIO AL POR MAYOR Y AL POR MENOR; REPARACIÓN DE VEHÍCULOS AUTOMOTORES Y MOTOCICLETAS.,MANABI,702
2023,2026-04-04,P,ENSEÑANZA.,MANABI,57
2023,2026-08-08,I,ACTIVIDADES DE ALOJAMIENTO Y DE SERVICIO DE COMIDAS.,MANABI,116
2023,2026-11-11,G,COMERCIO AL POR MAYOR Y AL POR MENOR; REPARACIÓN DE VEHÍCULOS AUTOMOTORES Y MOTOCICLETAS.,MANABI,528
2023,2026-10-10,H,TRANSPORTE Y ALMACENAMIENTO.,MANABI,52
2023,2026-06-06,C,INDUSTRIAS MANUFACTURERAS.,MANABI,125
2023,2026-08-08,P,ENSEÑANZA.,MANABI,60
2023,2026-04-04,Q,ACTIVIDADES DE ATENCIÓN DE LA SALUD HUMANA Y DE ASISTENCIA SOCIAL.,MANABI,79
2023,2026-12-12,Q,ACTIVIDADES DE ATENCIÓN DE LA SALUD HUMANA Y DE ASISTENCIA SOCIAL.,MANABI,52
2023,2026-12-12,J,INFORMACIÓN Y COMUNICACIÓN.,MANABI,13
2023,2026-10-10,F,CONSTRUCCIÓN.,MANABI,49
2023,2026-05-05,J,INFORMACIÓN Y COMUNICACIÓN.,MANABI,16
2023,2026-02-02,L,ACTIVIDADES INMOBILIARIAS.,MANABI,10
2023,2026-07-07,D,"SUMINISTRO DE ELECTRICIDAD, GAS, VAPOR Y AIRE ACONDICIONADO.",MANABI,2
2023,2026-09-09,E,"DISTRIBUCIÓN DE AGUA; ALCANTARILLADO, GESTIÓN DE DESECHOS Y ACTIVIDADES DE SANEAMIENTO.",MANABI,2
2023,2026-11-11,T,ACTIVIDADES DE LOS HOGARES COMO EMPLEADORES; ACTIVIDADES NO DIFERENCIADAS DE LOS HOGARES COMO PRODUCTORES DE BIENES Y SERVICIOS PARA USO PROPIO.,MANABI,6
